ac_no,constituency_name,winner_party_abbreviation,winner_votes,runner_up_party_abbreviation,runner_up_votes,margin_votes,total_votes
185,TIRUPPATTUR,TVK,83375,DMK,83374,1,215710
54,VEPPANAHALLI,DMK,74691,ADMK,74553,138,222608
229,KANNIYAKUMARI,ADMK,75045,DMK,74831,214,239150
66,POLUR,TVK,67961,DMDK,67734,227,211743
76,TIRUKKOYILUR,ADMK,73033,TVK,72748,285,217318
95,PARAMATHI-VELUR,ADMK,61349,DMK,61041,308,188845
137,KULITHALAI,DMK,68138,TVK,67559,579,209091
171,KUMBAKONAM,TVK,78650,DMK,77971,679,208288
127,PALANI,ADMK,66986,TVK,66293,693,208619
72,TINDIVANAM,VCK,63833,ADMK,63099,734,196026
201,CUMBUM,TVK,85394,DMK,84643,751,210574
80,KALLAKURICHI,TVK,81132,ADMK,80334,798,249626
218,KOVILPATTI,DMK,61643,TVK,60800,843,194232
75,VIKRAVANDI,PMK,69727,TVK,68817,910,209231
108,UDHAGAMANDALAM,BJP,48488,TVK,47512,976,148704
172,PAPANASAM,IUML,69284,TVK,68219,1065,207723
132,DINDIGUL,DMK,74489,TVK,73358,1131,212024
216,SRIVAIKUNTAM,TVK,58814,ADMK,57628,1186,176421
187,MANAMADURAI,TVK,69971,DMK,68763,1208,208643
105,ANTHIYUR,ADMK,60042,DMK,58782,1260,185775
234,KILLIYOOR,INC,66434,TVK,65123,1311,177534
138,MANAPPARAI,TVK,83041,ADMK,81615,1426,241216
181,THIRUMAYAM,DMK,58201,TVK,56709,1492,182612
167,MANNARGUDI,AMMKMNKZ,68416,DMK,66850,1566,194100
197,USILAMPATTI,TVK,65743,ADMK,63938,1805,224048
135,KARUR,ADMK,71542,TVK,69721,1821,216829
180,PUDUKKOTTAI,DMK,66825,TVK,64958,1867,190378
83,YERCAUD,ADMK,87772,TVK,85583,2189,253592
120,COIMBATORE,DMK,59724,TVK,57453,2271,156499
77,ULUNDURPETTAI,DMK,98471,ADMK,96194,2277,271002
164,KILVELUR,CPI(M),56108,TVK,53830,2278,151637
152,VRIDDHACHALAM,DMDK,69351,TVK,66964,2387,209186
100,MODAKKURICHI,TVK,60715,BJP,58285,2430,190759
63,TIRUVANNAMALAI,DMK,88273,TVK,85818,2455,220066
157,BHUVANAGIRI,ADMK,75707,DMK,73220,2487,207310
210,TIRUVADANAI,TVK,69551,INC,67038,2513,220278
151,TITTAKUDI,DMK,63106,TVK,60477,2629,175754
93,SENTHAMANGALAM,TVK,68815,ADMK,66160,2655,209687
190,SHOLAVANDAN,TVK,63907,DMK,61229,2678,189080
188,MELUR,INC,60080,TVK,57356,2724,190726
143,LALGUDI,ADMK,60795,TVK,58056,2739,185213
231,COLACHAL,INC,66207,TVK,63374,2833,199013
125,UDUMALAIPETTAI,DMK,68549,ADMK,65667,2882,203575
130,NILAKKOTTAI,TVK,68580,DMK,65655,2925,197593
47,VANIYAMBADI,IUML,73181,TVK,70199,2982,212534
177,PERAVURANI,DMK,60919,ADMK,57757,3162,176274
58,PENNAGARAM,TVK,81240,PMK,78075,3165,228666
61,HARUR,ADMK,75523,DMK,72194,3329,220042
69,VANDAVASI,DMK,63805,ADMK,60472,3333,191204
79,SANKARAPURAM,ADMK,80250,DMK,76810,3440,235528
136,KRISHNARAYAPURAM,TVK,62378,ADMK,58875,3503,189357
209,PARAMAKUDI,DMK,59161,TVK,55613,3548,189753
91,VEERAPANDI,TVK,79907,ADMK,75836,4071,235875
74,VILUPPURAM,DMK,72982,TVK,68863,4119,215422
52,BARGUR,ADMK,71240,TVK,66999,4241,213960
107,BHAVANISAGAR,TVK,72391,ADMK,67822,4569,214595
123,POLLACHI,DMK,62013,ADMK,57386,4627,181196
140,TIRUCHIRAPPALLI,DMK,88235,TVK,83449,4786,196347
116,SULUR,TVK,90531,ADMK,85741,4790,273544
78,RISHIVANDIYAM,DMK,89711,TVK,84849,4862,244795
207,ARUPPUKKOTTAI,DMK,65104,TVK,60161,4943,178413
51,UTHANGARAI,TVK,70201,ADMK,65003,5198,205530
56,THALLI,CPI,78283,BJP,73043,5240,205878
67,ARANI,ADMK,76735,DMK,71104,5631,230162
34,CHEYYUR,ADMK,63809,TVK,58141,5668,187584
39,SHOLINGUR,TVK,84506,PMK,78820,5686,233684
158,CHIDAMBARAM,DMK,69739,ADMK,63992,5747,196586
41,RANIPET,TVK,91149,DMK,85362,5787,221038
3,TIRUTTANI,ADMK,89169,TVK,83376,5793,238798
40,KATPADI,TVK,69868,ADMK,63998,5870,203497
215,TIRUCHENDUR,DMK,72723,TVK,66851,5872,186050
204,SATTUR,DMK,62060,BJP,56071,5989,198734
221,KADAYANALLUR,DMK,79832,ADMK,73579,6253,221951
219,SANKARANKOVIL,ADMK,64865,TVK,58376,6489,196480
220,VASUDEVANALLUR,DMK,63045,BJP,56462,6583,189795
43,VELLORE,TVK,73032,DMK,66255,6777,190527
200,BODINAYAKANUR,DMK,85206,TVK,78401,6805,220628
73,VANUR,DMK,68873,TVK,61839,7034,192119
44,ANAIKATTU,ADMK,76302,DMK,69221,7081,216318
48,AMBUR,DMK,74102,TVK,66971,7131,195584
19,CHEPAUK-THIRUVALLIKENI,DMK,62992,TVK,55852,7140,140741
35,MADURANTAKAM,ADMK,69284,TVK,62090,7194,198251
165,VEDARANYAM,ADMK,59172,DMK,51841,7331,162216
104,BHAVANI,ADMK,75577,TVK,68181,7396,208323
230,NAGERCOIL,DMK,69880,TVK,62310,7570,196280
156,KURINJIPADI,DMK,76695,ADMK,69106,7589,213965
97,KUMARAPALAYAM,TVK,81179,ADMK,73483,7696,205324
111,METTUPPALAYAM,TVK,75664,DMK,67896,7768,244319
223,ALANGULAM,DMK,69170,ADMK,61372,7798,220857
110,COONOOR,DMK,50470,ADMK,42371,8099,141394
102,KANGAYAM,ADMK,71122,TVK,62989,8133,203534
213,VILATHIKULAM,DMK,58395,TVK,50167,8228,174814
162,POOMPUHAR,DMK,81096,ADMK,72836,8260,219324
173,THIRUVAIYARU,DMK,80425,TVK,71870,8555,222111
203,SRIVILLIPUTHUR,TVK,65653,CPI,57072,8581,193471
142,THIRUVERUMBUR,TVK,89837,DMK,81132,8705,213583
13,KOLATHUR,TVK,82997,DMK,74202,8795,184051
124,VALPARAI,DMK,54671,TVK,45300,9371,150431
206,VIRUDHUNAGAR,TVK,63653,DMDK,54262,9391,167832
87,SANKARI,ADMK,87342,TVK,77825,9517,243779
198,ANDIPATTI,DMK,74324,TVK,64770,9554,217329
146,THURAIYUR,TVK,66263,ADMK,56649,9614,184426
103,PERUNDURAI,ADMK,70302,DMK,60609,9693,200686
163,NAGAPATTINAM,DMK,56305,TVK,46524,9781,151326
183,ARANTHANGI,TVK,73244,INC,63182,10062,182730
133,VEDASANDUR,DMK,84948,ADMK,74885,10063,226554
46,GUDIYATTAM,TVK,82858,DMDK,72761,10097,229076
225,AMBASAMUDRAM,ADMK,65589,INC,55344,10245,191195
222,TENKASI,DMK,79699,ADMK,69400,10299,234987
202,RAJAPALAYAM,TVK,65548,DMK,54943,10605,183020
154,PANRUTI,ADMK,78398,VCK,67735,10663,210767
16,EGMORE,TVK,53901,DMK,43097,10804,119738
161,MAYILADUTHURAI,INC,68011,PMK,57166,10845,188461
153,NEYVELI,ADMK,63731,DMK,52769,10962,168780
94,NAMAKKAL,TVK,79744,ADMK,68736,11008,212283
178,GANDHARVAKOTTAI,TVK,58795,BJP,47756,11039,167618
224,TIRUNELVELI,TVK,75840,DMK,64426,11414,218425
160,SIRKAZHI,DMK,71449,ADMK,60032,11417,200448
205,SIVAKASI,TVK,68709,INC,57039,11670,193517
122,KINATHUKADAVU,TVK,99950,DMK,88240,11710,267917
18,HARBOUR,DMK,45254,TVK,33504,11750,99622
131,NATHAM,ADMK,85708,DMK,73839,11869,239140
194,MADURAI WEST,TVK,88250,DMK,76319,11931,216403
228,RADHAPURAM,TVK,69947,DMK,57634,12313,199931
144,MANACHANALLUR,DMK,81447,TVK,69083,12364,209780
211,RAMANATHAPURAM,DMK,89137,TVK,76678,12459,237576
70,GINGEE,PMK,78201,DMK,65556,12645,216652
114,TIRUPPUR,TVK,73793,DMK,60892,12901,179814
166,THIRUTHURAIPOONDI,CPI,74062,TVK,61140,12922,191030
182,ALANGUDI,DMK,64929,TVK,51952,12977,180483
24,THIYAGARAYANAGAR,TVK,51632,ADMK,38605,13027,133928
62,CHENGAM,ADMK,87802,TVK,74524,13278,242897
208,TIRUCHULI,DMK,75085,TVK,61600,13485,181250
176,PATTUKKOTTAI,DMK,65963,TVK,52209,13754,183745
226,PALAYAMKOTTAI,DMK,79744,TVK,65939,13805,180620
89,SALEM,TVK,85710,DMK,71676,14034,210712
170,THIRUVIDAIMARUDUR,DMK,79951,TVK,65835,14116,208944
36,UTHIRAMERUR,TVK,84917,DMK,70694,14223,227765
17,ROYAPURAM,TVK,59091,DMK,44842,14249,127356
147,PERAMBALUR,TVK,90882,DMK,76489,14393,253654
81,GANGAVALLI,ADMK,73167,DMK,58763,14404,196679
92,RASIPURAM,TVK,74808,BJP,60297,14511,204680
84,OMALUR,ADMK,112246,TVK,97707,14539,271119
119,THONDAMUTHUR,ADMK,93316,TVK,78591,14725,258549
186,SIVAGANGA,TVK,73737,ADMK,58656,15081,214067
20,THOUSAND LIGHTS,TVK,58965,DMK,43824,15141,131824
82,ATTUR,ADMK,80843,TVK,65525,15318,208296
112,AVANASHI,TVK,84209,BJP,68836,15373,231600
37,KANCHEEPURAM,TVK,91350,ADMK,75862,15488,246317
155,CUDDALORE,TVK,70856,INC,55337,15519,190378
148,KUNNAM,DMK,87237,ADMK,71680,15557,230570
232,PADMANABHAPURAM,CPI(M),68938,TVK,53369,15569,180555
126,MADATHUKULAM,DMK,70458,AMMKMNKZ,54490,15968,188249
49,JOLARPET,ADMK,78633,TVK,62550,16083,213042
227,NANGUNERI,TVK,74952,INC,58533,16419,209419
189,MADURAI EAST,TVK,118777,DMK,102230,16547,271566
212,MUDHUKULATHUR,DMK,68003,TVK,51405,16598,231373
106,GOBICHETTIPALAYAM,TVK,82612,DMK,65992,16620,219727
101,DHARAPURAM,ADMK,81100,DMK,64373,16727,199944
174,THANJAVUR,TVK,87705,DMK,70750,16955,198798
14,VILLIVAKKAM,TVK,66445,DMK,49143,17302,141452
145,MUSIRI,TVK,71281,DMK,53839,17442,189141
191,MADURAI NORTH,TVK,72853,DMK,54815,18038,161801
168,THIRUVARUR,DMK,93408,TVK,75260,18148,217875
150,JAYANKONDAM,PMK,88992,DMK,70502,18490,228548
53,KRISHNAGIRI,TVK,89374,ADMK,70530,18844,230181
85,METTUR,ADMK,86498,DMK,67393,19105,231105
193,MADURAI CENTRAL,TVK,63414,DMK,44286,19128,148586
121,SINGANALLUR,TVK,84163,INC,65024,19139,221033
199,PERIYAKULAM,TVK,85656,VCK,66335,19321,211209
134,ARAVAKURICHI,DMK,70827,TVK,51445,19382,181078
45,KILVAITHINANKUPPAM,TVK,74305,ADMK,54050,20255,189892
59,DHARMAPURI,PMK,93713,TVK,72817,20896,238579
233,VILAVANCODE,INC,70755,TVK,49785,20970,174927
68,CHEYYAR,ADMK,86680,TVK,65599,21081,222570
21,ANNA NAGAR,TVK,71375,DMK,50012,21363,163339
192,MADURAI SOUTH,TVK,62415,DMK,40886,21529,141503
118,COIMBATORE,TVK,92500,DMK,70508,21992,226109
99,ERODE,TVK,96836,DMK,74586,22250,221400
15,THIRU-VI-KA-NAGAR,TVK,69125,DMK,46792,22333,143903
129,ATHOOR,DMK,106240,TVK,83872,22368,237183
109,GUDALUR,DMK,65590,ADMK,42757,22833,151241
38,ARAKKONAM,TVK,73776,VCK,50655,23121,182340
196,THIRUMANGALAM,DMK,88291,ADMK,64484,23807,230980
98,ERODE,TVK,69747,INC,45781,23966,162453
149,ARIYALUR,ADMK,95219,DMK,70721,24498,235858
4,THIRUVALLUR,TVK,92190,DMK,67430,24760,226428
65,KALASAPAKKAM,ADMK,89629,DMK,62889,26740,214127
22,VIRUGAMPAKKAM,TVK,76092,DMK,49006,27086,172831
141,TIRUCHIRAPPALLI,TVK,91381,DMK,63965,27416,182493
55,HOSUR,ADMK,109867,TVK,82064,27803,277770
1,GUMMIDIPOONDI,TVK,94320,ADMK,66375,27945,232522
96,TIRUCHENGODU,TVK,79500,ADMK,51328,28172,191122
23,SAIDAPET,TVK,81205,DMK,52691,28514,160401
25,MYLAPORE,TVK,70070,DMK,41098,28972,150594
217,OTTAPIDARAM,TVK,81625,DMK,52542,29083,196117
28,ALANDUR,TVK,112205,DMK,82596,29609,261570
71,MAILAM,ADMK,82353,TVK,52312,30041,189221
64,KILPENNATHUR,ADMK,90503,DMK,60038,30465,219790
159,KATTUMANNARKOIL,VCK,85179,PMK,52116,33063,187905
60,PAPPIREDDIPATTI,ADMK,101829,DMK,68715,33114,236621
26,VELACHERY,TVK,80430,ADMK,47125,33305,184815
90,SALEM,TVK,91371,DMK,58002,33369,207902
139,SRIRANGAM,TVK,103235,DMK,69645,33590,254985
175,ORATHANADU,DMK,86759,TVK,51731,35028,195304
31,TAMBARAM,TVK,118967,DMK,83346,35621,278809
32,CHENGALPATTU,TVK,137136,DMK,101495,35641,324010
214,THOOTHUKKUDI,TVK,100536,DMK,62805,37731,204712
115,PALLADAM,TVK,121297,ADMK,83400,37897,301014
57,PALACODU,ADMK,102807,TVK,63765,39042,225257
33,THIRUPORUR,TVK,110095,VCK,70744,39351,262409
195,THIRUPARANKUNDRAM,TVK,114316,DMK,72763,41553,255466
169,NANNILAM,ADMK,103462,DMK,61738,41724,231444
117,KAVUNDAMPALAYAM,TVK,146466,ADMK,104326,42140,363991
42,ARCOT,ADMK,105608,TVK,62888,42720,225786
128,ODDANCHATRAM,DMK,93099,BJP,49850,43249,201624
184,KARAIKUDI,TVK,101358,INC,55284,46074,229267
50,TIRUPPATTUR,TVK,105098,DMK,56835,48263,202925
11,DR.RADHAKRISHNAN NAGAR,TVK,97800,DMK,48132,49668,181206
10,THIRUVOTTIYUR,TVK,110067,CPI(M),56503,53564,207088
12,PERAMBUR,TVK,120365,DMK,66650,53715,204384
29,SRIPERUMBUDUR,TVK,147611,INC,93365,54246,331088
30,PALLAVARAM,TVK,133611,DMDK,78918,54693,283677
2,PONNERI,TVK,110439,INC,54671,55768,226819
8,AMBATTUR,TVK,133339,DMK,74558,58781,259986
7,MADURAVOYAL,TVK,141725,DMK,80216,61509,293692
179,VIRALIMALAI,ADMK,105773,TVK,43700,62073,203921
113,TIRUPPUR,TVK,131401,ADMK,61409,69992,263457
5,POONAMALLEE,TVK,161309,DMK,88569,72740,308894
88,SALEM,TVK,120407,PMK,45540,74867,234407
6,AVADI,TVK,180384,DMK,104073,76311,346005
9,MADAVARAM,TVK,190462,DMK,95477,94985,361998
27,SHOZHINGANALLUR,TVK,220382,DMK,123602,96780,447295
86,EDAPPADI,ADMK,148933,,50823,98110,258263
