ac_no,constituency_name,district,region,reservation_category,total_electorate,turnout_pct,urbanization_pct,literacy_pct,sex_ratio,sc_population_pct,st_population_pct,kmut_female_beneficiaries,kmut_coverage_pct,pudhumai_penn_beneficiaries,tamil_pudhalvan_beneficiaries,breakfast_scheme_schools,tasmac_outlets_count,agri_workforce_pct,youth_voter_share_pct
185,TIRUPPATTUR,Pudukkottai,Southern Tamil Nadu,GEN,278407,77.48,38.7,81.7,1012,22.7,3.2,92701,66.2,5117,4502,62,22,30.4,28.1
54,VEPPANAHALLI,Krishnagiri,Northern Tamil Nadu,GEN,289854,76.8,57.0,87.3,1000,23.0,0.5,90579,62.5,5693,5009,50,28,22.7,27.4
229,KANNIYAKUMARI,Kanniyakumari,Deep South (Kanniyakumari/Tirunelveli),GEN,303643,78.76,31.9,81.6,1024,21.9,1.4,105844,68.9,5574,4905,74,21,35.4,31.0
66,POLUR,Tiruvannamalai,Northern Tamil Nadu,GEN,276715,76.52,36.3,82.8,1003,22.3,0.8,89096,64.3,5155,4536,53,22,37.3,30.6
76,TIRUKKOYILUR,Viluppuram,Northern Tamil Nadu,GEN,277049,78.44,31.1,80.7,986,23.1,0.6,93944,68.3,5030,4426,36,25,35.0,30.2
95,PARAMATHI-VELUR,Namakkal,Western Tamil Nadu (Kongu),GEN,250590,75.36,61.4,86.5,1024,21.4,2.9,81012,63.9,4877,4291,74,29,18.6,29.0
137,KULITHALAI,Karur,Cauvery Delta,GEN,275264,75.96,57.9,85.3,989,14.9,2.4,87870,64.2,5283,4649,39,23,24.1,30.3
171,KUMBAKONAM,Thanjavur,Cauvery Delta,GEN,267584,77.84,67.6,89.8,996,17.6,3.1,83718,62.7,5406,4757,46,32,17.4,30.5
127,PALANI,Dindigul,Western Tamil Nadu (Kongu),GEN,271356,76.88,70.2,87.8,1022,25.2,2.7,84761,61.8,5360,4716,72,28,17.6,28.2
72,TINDIVANAM,Viluppuram,Northern Tamil Nadu,SC,254447,77.04,47.6,84.2,986,42.6,2.1,79711,63.1,4820,4241,36,25,26.4,27.5
201,CUMBUM,Theni,Southern Tamil Nadu,GEN,275476,76.44,36.1,82.6,986,12.1,0.6,87804,64.2,5119,4504,36,20,37.2,30.4
80,KALLAKURICHI,Kallakurichi,Northern Tamil Nadu,SC,317590,78.6,41.5,85.0,1000,36.5,2.0,102263,64.4,6073,5344,50,23,31.7,31.1
218,KOVILPATTI,Thoothukkudi,Southern Tamil Nadu,GEN,250557,77.52,28.8,82.0,988,18.8,2.3,87788,70.5,4622,4067,38,18,42.0,27.7
75,VIKRAVANDI,Viluppuram,Northern Tamil Nadu,GEN,279272,74.92,42.3,81.9,988,18.3,0.8,87439,63.0,5146,4528,38,23,32.0,26.9
108,UDHAGAMANDALAM,The Nilgiris,Western Tamil Nadu (Kongu),ST,197011,75.48,41.7,83.2,1007,17.7,37.7,65734,66.5,3688,3245,57,21,33.8,28.3
172,PAPANASAM,Thanjavur,Cauvery Delta,GEN,265494,78.24,68.6,86.9,1006,20.6,1.1,76557,57.5,5191,4568,56,30,13.9,31.5
132,DINDIGUL,Dindigul,Cauvery Delta,GEN,273791,77.44,36.6,83.2,1001,12.6,2.1,93819,68.5,5125,4510,51,29,33.5,27.9
216,SRIVAIKUNTAM,Thoothukkudi,Southern Tamil Nadu,GEN,234353,75.28,43.2,83.0,1007,23.2,2.7,79605,67.7,4376,3850,57,24,32.4,27.9
187,MANAMADURAI,Madurai,Southern Tamil Nadu,SC,276421,75.48,23.7,80.0,1017,33.7,2.2,95471,68.5,4975,4378,67,22,39.7,27.4
105,ANTHIYUR,Erode,Western Tamil Nadu (Kongu),GEN,238540,77.88,67.7,87.9,997,19.7,3.2,74788,62.8,4717,4150,47,33,19.5,30.6
234,KILLIYOOR,Kanniyakumari,Deep South (Kanniyakumari/Tirunelveli),GEN,229372,77.4,28.5,81.6,985,22.5,2.0,79900,70.2,4211,3705,35,27,41.8,27.4
138,MANAPPARAI,Tiruchirappalli,Cauvery Delta,GEN,315893,76.36,58.9,88.5,999,21.9,3.4,102455,64.9,6290,5535,49,33,26.5,31.3
181,THIRUMAYAM,Pudukkottai,Southern Tamil Nadu,GEN,240912,75.8,44.5,84.5,990,12.5,1.0,75145,62.7,4580,4030,40,25,33.0,29.2
167,MANNARGUDI,Thiruvarur,Cauvery Delta,GEN,251034,77.32,76.3,90.0,993,12.3,2.8,71918,57.5,5083,4473,43,36,11.3,29.6
197,USILAMPATTI,Theni,Southern Tamil Nadu,GEN,286799,78.12,60.3,87.2,1018,12.3,0.8,85360,59.0,5626,4950,68,26,24.1,30.8
135,KARUR,Karur,Cauvery Delta,GEN,277843,78.04,58.1,84.6,991,14.1,2.6,84773,61.3,5288,4653,41,31,19.1,30.5
180,PUDUKKOTTAI,Nagapattinam,Southern Tamil Nadu,GEN,249185,76.4,26.0,78.7,1020,20.0,2.5,85939,68.3,4412,3882,70,25,40.7,29.8
83,YERCAUD,Salem,Northern Tamil Nadu,ST,332972,76.16,45.4,85.6,1004,21.4,31.4,109098,65.4,6413,5643,54,30,33.4,30.2
120,COIMBATORE,Tiruppur,Western Tamil Nadu (Kongu),SC,201259,77.76,37.4,82.1,1009,34.4,2.9,69947,69.2,3717,3270,59,25,31.8,28.8
77,ULUNDURPETTAI,Kallakurichi,Northern Tamil Nadu,GEN,357333,75.84,34.6,80.8,1026,18.6,3.1,121242,67.0,6496,5716,76,21,36.6,28.8
164,KILVELUR,Mayiladuthurai,Cauvery Delta,SC,196014,77.36,56.4,84.6,1019,38.4,0.9,59357,60.0,3731,3283,69,26,20.4,28.7
152,VRIDDHACHALAM,Cuddalore,Cauvery Delta,GEN,273947,76.36,73.9,89.2,1014,21.9,3.4,84961,61.6,5498,4838,64,36,16.3,32.1
100,MODAKKURICHI,Erode,Western Tamil Nadu (Kongu),GEN,245696,77.64,37.1,81.8,1006,17.1,2.6,84895,68.9,4522,3979,56,22,31.7,28.5
63,TIRUVANNAMALAI,Tiruvannamalai,Northern Tamil Nadu,GEN,291092,75.6,44.0,83.9,1020,24.0,2.5,94512,64.3,5495,4835,70,28,32.8,28.7
157,BHUVANAGIRI,Ariyalur,Cauvery Delta,GEN,271348,76.4,69.0,86.4,1010,20.0,1.5,82899,60.8,5275,4642,60,28,13.1,31.9
210,TIRUVADANAI,Sivaganga,Southern Tamil Nadu,GEN,292456,75.32,53.3,86.9,1008,13.3,2.8,96307,65.6,5718,5031,58,26,29.0,28.5
151,TITTAKUDI,Cuddalore,Cauvery Delta,GEN,233343,75.32,51.3,86.5,1013,15.3,1.8,72802,62.0,4541,3996,63,22,26.1,28.4
93,SENTHAMANGALAM,Namakkal,Western Tamil Nadu (Kongu),GEN,268554,78.08,43.2,82.0,1022,22.2,2.7,87821,64.7,4954,4359,72,30,31.4,29.9
190,SHOLAVANDAN,Madurai,Southern Tamil Nadu,SC,242286,78.04,50.1,83.1,1006,40.1,2.6,76669,63.1,4530,3986,56,30,27.5,30.1
188,MELUR,Madurai,Southern Tamil Nadu,GEN,253895,75.12,52.8,86.3,1003,18.8,2.3,82893,65.2,4930,4338,53,21,28.8,27.9
143,LALGUDI,Tiruchirappalli,Cauvery Delta,GEN,247346,74.88,40.2,81.4,992,24.2,2.7,80557,65.4,4530,3986,42,30,29.1,26.7
231,COLACHAL,Kanniyakumari,Deep South (Kanniyakumari/Tirunelveli),GEN,253326,78.56,31.4,81.1,999,25.4,1.9,84188,66.5,4622,4067,49,20,35.1,30.5
125,UDUMALAIPETTAI,Tiruppur,Western Tamil Nadu (Kongu),GEN,268852,75.72,42.3,81.9,1013,22.3,1.8,90646,67.0,4954,4359,63,27,28.0,28.9
130,NILAKKOTTAI,Dindigul,Western Tamil Nadu (Kongu),GEN,260814,75.76,77.4,88.3,1004,14.4,0.9,72389,55.4,5181,4559,54,29,12.8,30.8
47,VANIYAMBADI,Tirupathur,Northern Tamil Nadu,GEN,284136,74.8,52.0,85.4,995,12.0,1.5,91545,64.6,5459,4803,45,25,28.4,27.1
177,PERAVURANI,Nagapattinam,Cauvery Delta,GEN,231939,76.0,73.0,88.1,1005,25.0,2.5,70801,60.9,4597,4045,55,26,15.9,31.1
58,PENNAGARAM,Dharmapuri,Northern Tamil Nadu,SC,296506,77.12,37.8,84.6,993,32.8,1.3,99719,67.5,5643,4965,43,21,38.0,27.2
61,HARUR,Dharmapuri,Northern Tamil Nadu,GEN,280809,78.36,30.9,80.5,999,20.9,3.4,95567,68.1,5086,4475,49,23,34.9,29.9
69,VANDAVASI,Tiruvannamalai,Northern Tamil Nadu,GEN,251982,75.88,34.7,80.9,1027,14.7,3.2,85665,67.1,4586,4035,77,22,36.6,28.9
79,SANKARAPURAM,Kallakurichi,Northern Tamil Nadu,GEN,306677,76.8,47.0,83.5,1015,15.0,0.5,99947,64.7,5761,5069,65,27,26.2,26.9
136,KRISHNARAYAPURAM,Karur,Cauvery Delta,GEN,242516,78.08,68.2,88.5,1002,20.2,0.7,69428,57.2,4829,4249,52,26,19.7,31.1
209,PARAMAKUDI,Sivaganga,Southern Tamil Nadu,GEN,242402,78.28,30.7,80.2,1012,20.7,3.2,82785,67.9,4374,3849,62,21,34.8,29.7
91,VEERAPANDI,Salem,Western Tamil Nadu (Kongu),GEN,313163,75.32,46.3,85.6,1008,25.3,2.8,105484,67.1,6031,5307,58,25,28.8,28.1
74,VILUPPURAM,Viluppuram,Northern Tamil Nadu,GEN,279333,77.12,27.8,80.8,1013,13.8,3.3,100787,71.7,5078,4468,63,28,41.5,26.7
52,BARGUR,Krishnagiri,Northern Tamil Nadu,GEN,276291,77.44,48.6,85.3,991,18.6,1.1,85125,61.9,5302,4665,41,27,26.9,28.5
107,BHAVANISAGAR,The Nilgiris,Western Tamil Nadu (Kongu),GEN,275970,77.76,67.4,87.5,994,17.4,2.9,86118,62.6,5433,4781,44,30,19.3,30.3
123,POLLACHI,Tiruppur,Western Tamil Nadu (Kongu),GEN,235441,76.96,75.4,89.0,1029,21.4,1.9,67820,56.8,4714,4148,79,27,14.9,28.7
140,TIRUCHIRAPPALLI,Tiruchirappalli,Cauvery Delta,GEN,262495,74.8,70.0,88.6,1020,24.0,2.5,77671,58.6,5232,4604,70,32,14.5,28.0
116,SULUR,Coimbatore,Western Tamil Nadu (Kongu),GEN,347666,78.68,39.7,84.8,987,25.7,2.2,112251,65.0,6633,5837,37,24,36.9,31.2
78,RISHIVANDIYAM,Kallakurichi,Northern Tamil Nadu,GEN,320580,76.36,35.9,82.4,999,15.9,3.4,112146,70.0,5943,5229,49,30,37.2,30.2
207,ARUPPUKKOTTAI,Sivaganga,Southern Tamil Nadu,SC,235001,75.92,24.8,81.3,998,34.8,3.3,81345,69.3,4298,3782,48,21,40.2,28.5
51,UTHANGARAI,Krishnagiri,Northern Tamil Nadu,GEN,266230,77.2,58.0,84.4,995,22.0,1.5,83917,63.2,5055,4448,45,26,23.1,28.4
56,THALLI,Krishnagiri,Northern Tamil Nadu,GEN,274797,74.92,32.3,82.1,1008,22.3,2.8,92699,67.2,5076,4466,58,29,35.5,26.4
67,ARANI,Tiruvannamalai,Northern Tamil Nadu,GEN,299378,76.88,57.2,87.5,997,23.2,1.7,90575,60.6,5894,5186,47,22,22.7,27.6
34,CHEYYUR,Kanchipuram,Northern Tamil Nadu,GEN,244759,76.64,26.6,79.4,1016,16.6,2.1,87208,70.7,4372,3847,66,27,41.0,30.4
39,SHOLINGUR,Ranipet,Northern Tamil Nadu,GEN,310419,75.28,43.2,83.0,1022,15.2,2.7,106219,67.7,5797,5101,72,24,32.4,27.9
158,CHIDAMBARAM,Ariyalur,Cauvery Delta,SC,253593,77.52,41.8,82.3,1008,38.8,1.3,80963,63.6,4695,4131,58,28,28.8,28.4
41,RANIPET,Ranipet,Northern Tamil Nadu,GEN,284989,77.56,28.9,82.1,1004,22.9,2.4,100658,70.5,5264,4632,54,19,42.0,27.8
3,TIRUTTANI,Thiruvallur,Chennai Metropolitan,GEN,320706,74.46,93.9,92.8,994,23.9,1.4,88248,55.2,6696,5892,44,31,3.0,34.1
40,KATPADI,Ranipet,Northern Tamil Nadu,GEN,270895,75.12,22.8,78.9,1023,14.8,1.3,92877,67.8,4809,4231,73,25,39.3,26.4
215,TIRUCHENDUR,Thoothukkudi,Southern Tamil Nadu,GEN,244673,76.04,35.1,81.4,1016,21.1,0.6,83108,67.4,4481,3943,66,26,36.8,29.4
204,SATTUR,Virudhunagar,Southern Tamil Nadu,GEN,262320,75.76,24.4,80.8,999,18.4,1.9,93076,71.0,4768,4195,49,25,40.0,28.1
221,KADAYANALLUR,Tirunelveli,Southern Tamil Nadu,GEN,285284,77.8,49.5,86.4,1020,13.5,1.0,93058,64.6,5545,4879,70,32,27.3,29.5
219,SANKARANKOVIL,Thoothukkudi,Southern Tamil Nadu,SC,251381,78.16,60.4,87.3,994,40.4,2.9,76565,61.1,4937,4344,44,23,24.2,30.9
220,VASUDEVANALLUR,Thoothukkudi,Southern Tamil Nadu,GEN,244581,77.6,49.0,85.8,1005,17.0,2.5,81157,66.2,4721,4154,55,23,27.1,28.9
43,VELLORE,Vellore,Northern Tamil Nadu,SC,247566,76.96,27.4,80.3,1024,37.4,2.9,89428,71.4,4472,3935,74,24,41.3,26.3
200,BODINAYAKANUR,Theni,Southern Tamil Nadu,GEN,291527,75.68,54.2,84.0,992,16.2,2.7,90445,62.3,5509,4847,42,32,21.4,29.4
73,VANUR,Viluppuram,Northern Tamil Nadu,GEN,254125,75.6,24.0,80.3,1010,24.0,1.5,90279,70.7,4591,4040,60,21,39.8,27.7
44,ANAIKATTU,Vellore,Northern Tamil Nadu,GEN,289040,74.84,52.1,85.5,1016,20.1,0.6,88273,60.6,5560,4892,66,22,28.4,27.2
48,AMBUR,Tirupathur,Northern Tamil Nadu,GEN,257076,76.08,25.2,81.7,1002,17.2,0.7,89680,69.7,4725,4158,52,25,40.3,29.0
19,CHEPAUK-THIRUVALLIKENI,Chennai,Chennai Metropolitan,GEN,191902,73.34,95.1,94.2,991,19.1,2.6,53680,56.2,4067,3578,41,31,3.0,31.4
35,MADURANTAKAM,Kanchipuram,Northern Tamil Nadu,SC,253129,78.32,40.8,84.1,1018,45.8,2.3,86575,67.8,4789,4214,68,20,31.4,30.3
165,VEDARANYAM,Thiruvarur,Cauvery Delta,GEN,206591,78.52,59.3,88.0,1003,19.3,0.8,64449,62.3,4090,3599,53,31,25.7,31.8
104,BHAVANI,Erode,Western Tamil Nadu (Kongu),GEN,270268,77.08,35.7,84.1,992,21.7,1.2,91252,67.8,5114,4500,42,20,39.1,27.0
230,NAGERCOIL,Kanniyakumari,Deep South (Kanniyakumari/Tirunelveli),GEN,250101,78.48,61.2,88.2,1027,23.2,1.7,75649,59.7,4963,4367,77,23,24.5,31.8
156,KURINJIPADI,Cuddalore,Cauvery Delta,GEN,273472,78.24,58.6,85.1,996,16.6,3.1,84196,61.7,5236,4607,46,24,19.4,31.0
97,KUMARAPALAYAM,Namakkal,Western Tamil Nadu (Kongu),GEN,266377,77.08,45.7,85.9,1002,15.7,2.2,84792,63.6,5148,4530,52,25,29.6,27.5
111,METTUPPALAYAM,Coimbatore,Western Tamil Nadu (Kongu),GEN,326629,74.8,50.0,83.0,1000,24.0,0.5,99621,61.0,6099,5367,50,21,23.5,27.0
223,ALANGULAM,Tirunelveli,Southern Tamil Nadu,GEN,289838,76.2,25.5,82.1,1010,17.5,3.0,104714,71.9,5354,4711,60,24,40.5,29.3
110,COONOOR,Coimbatore,Western Tamil Nadu (Kongu),GEN,185653,76.16,43.4,85.2,1024,13.4,2.9,63776,67.9,3558,3131,74,26,30.5,30.1
102,KANGAYAM,Erode,Western Tamil Nadu (Kongu),SC,267667,76.04,58.1,85.6,991,40.1,2.6,85665,64.3,5155,4536,41,25,24.1,30.5
213,VILATHIKULAM,Ramanathapuram,Southern Tamil Nadu,SC,227267,76.92,37.3,84.0,1003,32.3,0.8,76361,67.1,4295,3779,53,28,37.8,26.7
162,POOMPUHAR,Mayiladuthurai,Cauvery Delta,GEN,288888,75.92,57.8,85.2,988,12.8,2.3,92029,64.1,5537,4872,38,22,24.0,30.2
173,THIRUVAIYARU,Thanjavur,Cauvery Delta,GEN,283016,78.48,69.2,89.7,1012,23.2,1.7,82563,58.0,5711,5025,62,24,16.1,32.2
203,SRIVILLIPUTHUR,Virudhunagar,Southern Tamil Nadu,SC,258651,74.8,32.0,81.8,990,37.0,2.5,86212,67.0,4760,4188,40,26,35.4,26.1
142,THIRUVERUMBUR,Tiruchirappalli,Cauvery Delta,SC,275094,77.64,47.1,83.6,1016,44.1,0.6,89698,64.7,5174,4553,66,28,30.2,29.0
13,KOLATHUR,Chennai,Chennai Metropolitan,GEN,256839,71.66,92.9,91.6,1019,12.9,2.4,73239,56.5,5293,4657,69,28,3.0,32.0
124,VALPARAI,Tiruppur,Western Tamil Nadu (Kongu),GEN,199616,75.36,76.4,89.2,994,25.4,2.9,60301,60.6,4006,3525,44,31,10.4,29.7
206,VIRUDHUNAGAR,Virudhunagar,Southern Tamil Nadu,GEN,222000,75.6,44.0,83.9,1025,20.0,1.5,74501,66.3,4190,3687,75,24,32.8,28.7
87,SANKARI,Salem,Northern Tamil Nadu,GEN,311260,78.32,40.8,84.1,1008,16.8,1.3,99687,63.8,5889,5182,58,28,31.4,30.3
198,ANDIPATTI,Theni,Southern Tamil Nadu,GEN,284909,76.28,25.7,82.3,1012,15.7,3.2,103178,72.0,5275,4642,62,26,40.6,29.5
146,THURAIYUR,Tiruchirappalli,Cauvery Delta,GEN,244596,75.4,76.5,91.3,995,13.5,3.0,74048,60.7,5024,4421,45,32,16.4,29.8
103,PERUNDURAI,Erode,Western Tamil Nadu (Kongu),GEN,266161,75.4,46.5,83.9,1010,21.5,3.0,90008,67.3,5024,4421,60,27,26.9,28.3
163,NAGAPATTINAM,Mayiladuthurai,Cauvery Delta,GEN,200060,75.64,77.1,90.0,1001,18.1,0.6,55143,55.1,4051,3564,51,26,14.7,30.5
183,ARANTHANGI,Pudukkottai,Southern Tamil Nadu,GEN,234871,77.8,39.5,82.6,990,15.5,1.0,78052,66.8,4365,3841,40,30,30.8,29.0
133,VEDASANDUR,Dindigul,Cauvery Delta,GEN,302556,74.88,55.2,84.1,1007,16.2,2.7,94270,62.1,5725,5038,57,32,24.8,27.5
46,GUDIYATTAM,Vellore,Northern Tamil Nadu,GEN,300466,76.24,25.6,82.2,1026,19.6,3.1,109555,72.0,5557,4890,76,25,40.5,29.4
225,AMBASAMUDRAM,Tirunelveli,Deep South (Kanniyakumari/Tirunelveli),GEN,250517,76.32,45.8,86.0,998,13.8,3.3,84715,67.7,4847,4265,48,30,33.6,30.6
222,TENKASI,Tirunelveli,Southern Tamil Nadu,GEN,304229,77.24,58.1,84.6,1026,22.1,1.6,97523,63.3,5790,5095,76,27,23.1,28.5
202,RAJAPALAYAM,Virudhunagar,Southern Tamil Nadu,GEN,241834,75.68,44.2,84.2,1002,12.2,0.7,75648,62.5,4581,4031,52,22,32.9,28.9
154,PANRUTI,Cuddalore,Cauvery Delta,GEN,278350,75.72,52.3,85.7,1023,14.3,2.8,88395,62.8,5367,4722,73,32,28.5,29.4
16,EGMORE,Chennai,Chennai Metropolitan,SC,164339,72.86,99.9,95.9,1009,32.9,1.4,44487,53.9,3546,3120,59,31,4.0,30.4
161,MAYILADUTHURAI,Mayiladuthurai,Cauvery Delta,GEN,245647,76.72,64.8,88.5,1013,18.8,3.3,74787,60.5,4891,4304,63,27,18.2,32.5
153,NEYVELI,Cuddalore,Cauvery Delta,GEN,221263,76.28,48.7,84.5,987,17.7,2.2,69241,63.0,4206,3701,37,26,29.9,30.6
94,NAMAKKAL,Namakkal,Western Tamil Nadu (Kongu),SC,275835,76.96,75.4,91.0,1029,42.4,1.9,79456,56.8,5647,4969,79,27,12.9,28.7
178,GANDHARVAKOTTAI,Nagapattinam,Cauvery Delta,SC,221951,75.52,51.8,87.1,1018,33.8,2.3,69866,62.4,4349,3827,68,27,26.3,28.9
224,TIRUNELVELI,Tirunelveli,Southern Tamil Nadu,GEN,290768,75.12,52.8,86.3,993,16.8,1.3,88662,61.2,5645,4967,43,29,28.8,27.9
160,SIRKAZHI,Ariyalur,Cauvery Delta,SC,261544,76.64,39.6,81.7,986,36.6,2.1,88168,67.9,4807,4230,36,29,29.8,31.1
205,SIVAKASI,Virudhunagar,Southern Tamil Nadu,GEN,257199,75.24,23.1,79.3,1026,19.1,1.6,88569,68.0,4589,4038,76,28,39.4,26.8
122,KINATHUKADAVU,Tiruppur,Western Tamil Nadu (Kongu),GEN,349943,76.56,59.4,87.1,1004,16.4,0.9,103964,59.3,6858,6035,54,26,24.7,31.9
18,HARBOUR,Chennai,Chennai Metropolitan,GEN,139020,71.66,94.9,94.0,1014,24.9,3.4,37796,54.0,2940,2587,64,33,3.0,32.1
131,NATHAM,Dindigul,Cauvery Delta,SC,305962,78.16,38.4,83.3,1019,35.4,0.9,98828,64.0,5734,5045,69,23,36.3,29.8
194,MADURAI WEST,Madurai,Southern Tamil Nadu,GEN,281628,76.84,37.1,83.8,1021,17.1,2.6,98028,68.9,5310,4672,71,22,37.7,26.5
228,RADHAPURAM,Tenkasi,Deep South (Kanniyakumari/Tirunelveli),SC,261416,76.48,36.2,82.7,997,36.2,1.7,89008,68.2,4864,4280,47,25,37.3,30.5
144,MANACHANALLUR,Tiruchirappalli,Cauvery Delta,GEN,278666,75.28,36.2,81.7,997,17.2,1.7,90708,65.2,5122,4507,47,19,36.3,27.5
211,RAMANATHAPURAM,Ramanathapuram,Southern Tamil Nadu,GEN,307581,77.24,48.1,84.8,1016,12.1,0.6,95331,61.5,5868,5163,66,22,26.6,28.0
70,GINGEE,Viluppuram,Northern Tamil Nadu,SC,289023,74.96,42.4,82.0,1004,32.4,0.9,91368,63.1,5332,4692,54,24,32.1,27.0
114,TIRUPPUR,Coimbatore,Western Tamil Nadu (Kongu),SC,239752,75.0,40.5,81.8,995,37.5,3.0,78441,65.6,4412,3882,45,21,29.2,27.0
166,THIRUTHURAIPOONDI,Thiruvarur,Cauvery Delta,SC,244659,78.08,38.2,81.1,1017,35.2,0.7,78703,63.8,4464,3928,67,21,34.2,29.6
182,ALANGUDI,Pudukkottai,Southern Tamil Nadu,GEN,231033,78.12,60.3,87.2,1003,16.3,0.8,68256,59.0,4532,3988,53,26,24.1,30.8
24,THIYAGARAYANAGAR,Chennai,Chennai Metropolitan,GEN,183312,73.06,96.4,91.8,1029,22.4,1.9,51317,55.2,3786,3331,79,36,3.0,30.7
62,CHENGAM,Tiruvannamalai,Northern Tamil Nadu,SC,311566,77.96,39.9,83.1,1019,39.9,2.4,102369,65.1,5825,5126,69,26,31.0,29.4
208,TIRUCHULI,Sivaganga,Southern Tamil Nadu,GEN,242312,74.8,52.0,85.4,1015,12.0,0.5,73966,60.6,4656,4097,65,21,28.4,27.1
176,PATTUKKOTTAI,Thanjavur,Cauvery Delta,GEN,242792,75.68,52.2,83.6,1022,18.2,2.7,76942,62.7,4566,4018,72,31,22.5,29.3
226,PALAYAMKOTTAI,Tenkasi,Deep South (Kanniyakumari/Tirunelveli),GEN,239041,75.56,23.9,80.2,1014,23.9,3.4,87374,72.6,4313,3795,64,28,39.8,27.6
89,SALEM,Salem,Northern Tamil Nadu,SC,273651,77.0,27.5,80.5,1025,37.5,3.0,99037,71.5,4956,4361,75,25,41.4,26.4
170,THIRUVIDAIMARUDUR,Thanjavur,Cauvery Delta,GEN,276820,75.48,46.7,86.1,1012,23.7,3.2,93844,67.4,5362,4718,62,30,33.0,28.5
36,UTHIRAMERUR,Kanchipuram,Northern Tamil Nadu,SC,302878,75.2,43.0,82.7,1015,38.0,0.5,99930,65.5,5635,4958,65,26,32.4,27.6
17,ROYAPURAM,Chennai,Chennai Metropolitan,GEN,175083,72.74,95.6,94.8,1001,15.6,2.1,46069,52.6,3734,3285,51,32,3.0,29.9
147,PERAMBALUR,Perambalur,Cauvery Delta,GEN,329763,76.92,40.3,84.6,993,17.3,2.8,112382,68.4,6277,5523,43,25,32.1,26.8
81,GANGAVALLI,Salem,Northern Tamil Nadu,GEN,252670,77.84,39.6,82.7,991,25.6,1.1,84135,66.9,4701,4136,41,19,30.8,29.1
92,RASIPURAM,Namakkal,Western Tamil Nadu (Kongu),SC,269315,76.0,58.0,85.4,990,40.0,2.5,86015,64.2,5174,4553,40,24,20.1,30.4
84,OMALUR,Salem,Northern Tamil Nadu,GEN,354496,76.48,36.2,82.7,992,16.2,2.7,116866,66.2,6596,5804,42,29,37.3,30.5
119,THONDAMUTHUR,Coimbatore,Western Tamil Nadu (Kongu),GEN,345653,74.8,35.0,80.3,985,18.0,0.5,110287,64.3,6245,5495,35,19,31.8,26.2
186,SIVAGANGA,Pudukkottai,Southern Tamil Nadu,GEN,276286,77.48,38.7,81.7,992,20.7,1.2,88331,64.2,5078,4468,42,26,30.4,28.1
20,THOUSAND LIGHTS,Chennai,Chennai Metropolitan,GEN,179254,73.54,93.6,92.4,996,19.6,3.1,50984,57.0,3726,3278,46,36,3.0,31.8
82,ATTUR,Salem,Northern Tamil Nadu,GEN,275523,75.6,54.0,83.7,1020,18.0,2.5,86396,62.1,5188,4565,70,30,21.3,29.2
112,AVANASHI,Coimbatore,Western Tamil Nadu (Kongu),GEN,304576,76.04,63.1,88.5,996,13.1,1.6,89973,59.2,6064,5336,46,34,23.4,30.8
37,KANCHEEPURAM,Kanchipuram,Northern Tamil Nadu,GEN,325471,75.68,34.2,80.4,1012,22.2,1.7,112466,68.7,5887,5180,62,25,36.4,28.4
155,CUDDALORE,Cuddalore,Cauvery Delta,GEN,252490,75.4,36.5,82.1,1000,23.5,2.0,82690,65.5,4664,4104,50,22,32.4,27.8
148,KUNNAM,Perambalur,Cauvery Delta,SC,293495,78.56,74.4,88.8,1019,41.4,0.9,87395,59.0,5864,5160,69,35,11.5,32.6
232,PADMANABHAPURAM,Kanniyakumari,Deep South (Kanniyakumari/Tirunelveli),GEN,231125,78.12,40.3,83.6,1013,22.3,1.8,78391,67.4,4347,3825,63,27,31.1,29.8
126,MADATHUKULAM,Dindigul,Western Tamil Nadu (Kongu),GEN,242964,77.48,76.7,88.5,997,18.7,3.2,70110,57.8,4838,4257,47,28,13.5,30.0
49,JOLARPET,Tirupathur,Northern Tamil Nadu,SC,281950,75.56,43.9,83.8,994,38.9,1.4,93044,66.2,5316,4678,44,23,32.8,28.6
227,NANGUNERI,Tenkasi,Deep South (Kanniyakumari/Tirunelveli),GEN,278186,75.28,33.2,83.2,1002,15.2,0.7,94537,67.9,5207,4582,52,26,35.9,27.4
189,MADURAI EAST,Madurai,Southern Tamil Nadu,GEN,353417,76.84,47.1,83.6,1026,25.1,1.6,112217,62.7,6647,5849,76,32,26.2,27.0
212,MUDHUKULATHUR,Ramanathapuram,Southern Tamil Nadu,GEN,294817,78.48,31.2,80.8,992,23.2,2.7,103211,70.3,5359,4715,42,22,35.0,30.3
106,GOBICHETTIPALAYAM,Erode,Western Tamil Nadu (Kongu),GEN,279408,78.64,39.6,82.7,986,13.6,2.1,90028,64.9,5199,4575,36,23,30.8,31.1
101,DHARAPURAM,Erode,Western Tamil Nadu (Kongu),GEN,266592,75.0,50.5,83.6,1005,18.5,1.0,82047,61.4,5014,4412,55,26,27.7,27.5
174,THANJAVUR,Thanjavur,Cauvery Delta,SC,255000,77.96,52.9,85.4,1029,34.9,3.4,85740,66.3,4899,4311,79,32,27.8,30.0
14,VILLIVAKKAM,Chennai,Chennai Metropolitan,GEN,192451,73.5,99.5,95.4,1025,15.5,3.0,54161,55.6,4130,3634,75,35,3.8,32.0
145,MUSIRI,Tiruchirappalli,Cauvery Delta,GEN,249922,75.68,72.2,87.2,997,20.2,1.7,75238,60.3,4903,4314,47,30,15.5,30.3
191,MADURAI NORTH,Madurai,Southern Tamil Nadu,GEN,215504,75.08,42.7,82.4,1007,20.7,1.2,68444,63.3,3995,3515,57,27,32.2,27.3
168,THIRUVARUR,Thanjavur,Cauvery Delta,GEN,278897,78.12,38.3,81.2,1018,24.3,0.8,89902,63.9,5095,4483,68,22,30.2,29.7
150,JAYANKONDAM,Perambalur,Cauvery Delta,SC,291664,78.36,78.9,91.1,1019,45.9,2.4,87586,59.5,5978,5260,69,26,14.5,32.3
53,KRISHNAGIRI,Krishnagiri,Northern Tamil Nadu,GEN,296472,77.64,59.1,85.7,1011,23.1,1.6,89576,60.1,5716,5030,61,33,23.6,29.6
85,METTUR,Salem,Northern Tamil Nadu,GEN,299048,77.28,48.2,84.9,1002,24.2,0.7,92198,61.6,5712,5026,52,23,26.7,28.1
193,MADURAI CENTRAL,Madurai,Southern Tamil Nadu,GEN,196646,75.56,43.9,83.8,1014,17.9,3.4,67522,68.2,3707,3262,64,31,32.8,28.6
121,SINGANALLUR,Tiruppur,Western Tamil Nadu (Kongu),GEN,290069,76.2,68.5,89.8,1005,17.5,1.0,87819,60.4,5860,5156,55,35,16.8,31.4
199,PERIYAKULAM,Theni,Southern Tamil Nadu,GEN,273728,77.16,37.9,84.7,1029,17.9,3.4,96618,69.6,5216,4590,79,30,38.1,27.3
134,ARAVAKURICHI,Karur,Cauvery Delta,GEN,235533,76.88,75.2,90.7,1027,19.2,1.7,67662,56.7,4806,4229,77,25,12.8,28.5
45,KILVAITHINANKUPPAM,Vellore,Northern Tamil Nadu,GEN,241962,78.48,51.2,84.4,1022,23.2,2.7,80593,65.9,4594,4042,72,25,28.0,31.3
59,DHARMAPURI,Dharmapuri,Northern Tamil Nadu,GEN,315747,75.56,33.9,84.0,1024,17.9,1.4,109265,68.4,5967,5250,74,22,36.3,28.1
233,VILAVANCODE,Kanniyakumari,Deep South (Kanniyakumari/Tirunelveli),GEN,222440,78.64,51.6,84.9,1006,21.6,1.1,71616,64.2,4249,3739,56,21,28.2,31.7
68,CHEYYAR,Tiruvannamalai,Northern Tamil Nadu,SC,284762,78.16,50.4,83.5,1009,40.4,2.9,90530,63.3,5349,4707,59,21,27.7,30.4
21,ANNA NAGAR,Chennai,Chennai Metropolitan,GEN,222472,73.42,95.3,94.5,1003,15.3,0.8,60491,54.3,4730,4162,53,37,3.0,31.6
192,MADURAI SOUTH,Madurai,Southern Tamil Nadu,GEN,187570,75.44,33.6,83.6,1006,17.6,1.1,64152,68.2,3528,3104,56,19,36.1,27.8
118,COIMBATORE,Coimbatore,Western Tamil Nadu (Kongu),GEN,290778,77.76,37.4,82.1,1009,19.4,2.9,101059,69.2,5371,4726,59,25,31.8,28.8
99,ERODE,Erode,Western Tamil Nadu (Kongu),GEN,290703,76.16,58.4,87.9,994,23.4,2.9,93614,64.6,5749,5059,44,28,26.3,30.8
15,THIRU-VI-KA-NAGAR,Chennai,Chennai Metropolitan,SC,193366,74.42,93.8,92.7,988,36.8,2.3,51124,53.2,4033,3549,38,34,3.0,34.0
129,ATHOOR,Dindigul,Western Tamil Nadu (Kongu),GEN,308189,76.96,45.4,85.6,999,17.4,1.9,97646,63.4,5935,5222,49,22,33.4,27.2
109,GUDALUR,The Nilgiris,Western Tamil Nadu (Kongu),SC,194097,77.92,62.8,89.1,993,44.8,1.3,59958,62.0,3891,3424,43,25,20.3,30.4
38,ARAKKONAM,Ranipet,Northern Tamil Nadu,GEN,234249,77.84,49.6,86.5,1011,21.6,3.1,78549,66.7,4559,4011,61,29,27.3,29.6
196,THIRUMANGALAM,Madurai,Southern Tamil Nadu,SC,298115,77.48,28.7,81.9,987,33.7,2.2,104249,70.4,5493,4833,37,29,41.9,27.6
98,ERODE,Erode,Western Tamil Nadu (Kongu),GEN,213304,76.16,58.4,87.9,994,23.4,2.9,68689,64.6,4218,3711,44,28,26.3,30.8
149,ARIYALUR,Perambalur,Cauvery Delta,GEN,311322,75.76,67.4,86.5,994,18.4,2.9,92494,59.6,6059,5331,44,24,14.3,30.3
4,THIRUVALLUR,Thiruvallur,Chennai Metropolitan,GEN,320810,70.58,94.2,93.2,992,16.2,2.7,85471,53.5,6727,5919,42,38,3.0,29.4
65,KALASAPAKKAM,Tiruvannamalai,Northern Tamil Nadu,SC,283687,75.48,53.7,87.4,1012,43.7,3.2,94032,65.9,5578,4908,62,31,29.2,28.9
22,VIRUGAMPAKKAM,Chennai,Chennai Metropolitan,GEN,236430,73.1,94.5,93.5,1005,18.5,1.0,61269,51.7,4973,4376,55,33,3.0,30.7
141,TIRUCHIRAPPALLI,Tiruchirappalli,Cauvery Delta,GEN,243974,74.8,70.0,88.6,1020,24.0,2.5,72191,58.6,4863,4279,70,32,14.5,28.0
55,HOSUR,Krishnagiri,Northern Tamil Nadu,GEN,369965,75.08,42.7,82.4,1017,20.7,2.2,125542,67.3,6859,6035,67,31,32.2,27.3
1,GUMMIDIPOONDI,Thiruvallur,Chennai Metropolitan,GEN,320190,72.62,99.3,95.2,1023,17.3,2.8,89862,55.5,6858,6035,73,33,3.7,29.8
96,TIRUCHENGODU,Namakkal,Western Tamil Nadu (Kongu),GEN,253208,75.48,41.7,83.2,1007,21.7,1.2,84484,66.5,4740,4171,57,21,33.8,28.3
23,SAIDAPET,Chennai,Chennai Metropolitan,GEN,224462,71.46,94.4,93.4,989,12.4,0.9,57590,51.6,4717,4150,39,32,3.0,31.6
25,MYLAPORE,Chennai,Chennai Metropolitan,GEN,206462,72.94,98.1,93.8,1026,18.1,1.6,56982,54.5,4357,3834,76,33,3.1,30.5
217,OTTAPIDARAM,Thoothukkudi,Southern Tamil Nadu,GEN,255893,76.64,56.6,86.8,1021,12.6,1.1,77694,60.1,4997,4397,71,28,22.5,31.9
28,ALANDUR,Chengalpattu,Chennai Metropolitan,GEN,355683,73.54,95.6,94.8,1011,23.6,3.1,101208,56.6,7586,6675,61,36,3.0,31.9
71,MAILAM,Viluppuram,Northern Tamil Nadu,GEN,249631,75.8,34.5,80.7,1020,14.5,1.0,81807,64.9,4532,3988,70,24,36.5,28.7
64,KILPENNATHUR,Tiruvannamalai,Northern Tamil Nadu,GEN,291653,75.36,23.4,79.6,999,13.4,1.9,99549,68.3,5223,4596,49,19,39.5,27.1
159,KATTUMANNARKOIL,Ariyalur,Cauvery Delta,GEN,248026,75.76,72.4,89.4,999,18.4,1.9,74989,60.5,4989,4390,49,32,17.6,30.5
60,PAPPIREDDIPATTI,Dharmapuri,Northern Tamil Nadu,GEN,306345,77.24,58.1,84.6,986,24.1,0.6,90190,59.3,5831,5131,36,23,23.1,28.5
26,VELACHERY,Chennai,Chennai Metropolitan,GEN,255339,72.38,98.7,94.5,1017,22.7,2.2,70809,55.0,5429,4777,67,39,3.4,34.1
90,SALEM,Salem,Western Tamil Nadu (Kongu),GEN,270002,77.0,70.5,88.2,1025,17.5,3.0,84733,62.0,5358,4715,75,31,17.7,28.5
139,SRIRANGAM,Tiruchirappalli,Cauvery Delta,SC,334977,76.12,38.3,82.2,1018,35.3,0.8,113048,66.9,6195,5451,68,28,31.2,29.7
175,ORATHANADU,Thanjavur,Cauvery Delta,GEN,260822,74.88,70.2,86.8,1022,14.2,2.7,77515,58.8,5093,4481,72,34,12.6,28.2
31,TAMBARAM,Chengalpattu,Northern Tamil Nadu,SC,363600,76.68,56.7,86.9,1027,46.7,3.2,114585,62.2,7109,6255,77,25,22.5,32.0
32,CHENGALPATTU,Chengalpattu,Northern Tamil Nadu,GEN,415184,78.04,60.1,86.9,991,22.1,2.6,125851,60.9,8117,7142,41,32,24.0,30.6
214,THOOTHUKKUDI,Ramanathapuram,Southern Tamil Nadu,GEN,262048,78.12,30.3,79.8,1018,20.3,0.8,86717,65.6,4705,4140,68,21,34.6,29.3
115,PALLADAM,Coimbatore,Western Tamil Nadu (Kongu),SC,397116,75.8,72.5,89.5,1000,39.5,2.0,120127,60.5,7996,7036,50,33,17.6,30.6
57,PALACODU,Dharmapuri,Northern Tamil Nadu,GEN,296859,75.88,54.7,84.5,1027,18.7,3.2,94304,62.7,5644,4966,77,25,21.6,29.9
33,THIRUPORUR,Chengalpattu,Northern Tamil Nadu,GEN,333514,78.68,31.7,81.4,1017,23.7,2.2,112164,66.7,6108,5375,67,23,35.3,30.8
195,THIRUPARANKUNDRAM,Madurai,Southern Tamil Nadu,GEN,332984,76.72,46.8,83.2,993,14.8,1.3,103691,62.5,6233,5485,43,29,26.1,31.6
169,NANNILAM,Thanjavur,Cauvery Delta,GEN,300889,76.92,60.3,86.2,1013,17.3,1.8,90849,60.0,5835,5134,63,24,23.1,27.8
117,KAVUNDAMPALAYAM,Coimbatore,Western Tamil Nadu (Kongu),GEN,469544,77.52,66.8,86.8,988,12.8,2.3,144912,62.1,9170,8069,38,24,15.1,29.6
42,ARCOT,Ranipet,Northern Tamil Nadu,SC,288433,78.28,60.7,87.6,1017,45.7,2.2,92058,63.3,5685,5002,67,34,24.3,31.2
128,ODDANCHATRAM,Dindigul,Western Tamil Nadu (Kongu),GEN,259156,77.8,62.5,88.8,990,15.5,1.0,79676,61.8,5177,4555,40,34,24.1,30.1
184,KARAIKUDI,Pudukkottai,Southern Tamil Nadu,SC,305689,75.0,42.5,82.2,1005,32.5,1.0,96684,63.1,5653,4974,55,25,32.1,27.1
50,TIRUPPATTUR,Tirupathur,Northern Tamil Nadu,GEN,261906,77.48,38.7,81.7,1012,22.7,3.2,87207,66.2,4814,4236,62,22,30.4,28.1
11,DR.RADHAKRISHNAN NAGAR,Chennai,Chennai Metropolitan,GEN,250215,72.42,98.8,94.6,1028,22.8,3.3,67348,53.1,5325,4686,78,32,3.5,34.2
10,THIRUVOTTIYUR,Thiruvallur,Chennai Metropolitan,GEN,285481,72.54,97.1,92.6,1006,15.1,2.6,79744,55.7,5947,5233,56,31,3.0,29.5
12,PERAMBUR,Chennai,Chennai Metropolitan,GEN,281133,72.7,97.5,93.0,1020,15.5,1.0,76657,54.0,5882,5176,70,39,3.0,29.9
29,SRIPERUMBUDUR,Chengalpattu,Northern Tamil Nadu,GEN,439808,75.28,23.2,79.4,1027,21.2,1.7,151749,68.1,7857,6914,77,17,39.4,26.9
30,PALLAVARAM,Chengalpattu,Northern Tamil Nadu,GEN,370335,76.6,46.5,82.9,985,12.5,2.0,121838,66.3,6907,6078,35,29,25.9,31.3
2,PONNERI,Thiruvallur,Chennai Metropolitan,SC,314938,72.02,93.8,92.7,1028,40.8,3.3,91315,57.2,6568,5779,78,38,3.0,33.0
8,AMBATTUR,Thiruvallur,Chennai Metropolitan,GEN,362198,71.78,95.2,94.3,1027,23.2,1.7,95976,52.3,7684,6761,77,28,3.0,32.5
7,MADURAVOYAL,Thiruvallur,Chennai Metropolitan,GEN,404869,72.54,93.1,91.9,1001,25.1,0.6,110584,54.6,8371,7366,51,34,3.0,29.3
179,VIRALIMALAI,Nagapattinam,Southern Tamil Nadu,GEN,266772,76.44,56.1,86.2,1011,16.1,1.6,85565,63.8,5174,4553,61,27,22.2,31.4
113,TIRUPPUR,Coimbatore,Western Tamil Nadu (Kongu),GEN,351276,75.0,40.5,81.8,995,14.5,3.0,114929,65.6,6465,5689,45,21,29.2,27.0
5,POONAMALLEE,Thiruvallur,Chennai Metropolitan,SC,435921,70.86,92.9,91.6,994,32.9,1.4,114084,52.5,8984,7905,44,36,3.0,30.0
88,SALEM,Salem,Northern Tamil Nadu,GEN,304424,77.0,27.5,80.5,1025,17.5,3.0,110175,71.5,5513,4851,75,25,41.4,26.4
6,AVADI,Thiruvallur,Chennai Metropolitan,GEN,481498,71.86,93.4,92.2,989,21.4,0.9,131439,54.9,9988,8789,39,38,3.0,32.6
9,MADAVARAM,Thiruvallur,Chennai Metropolitan,GEN,506007,71.54,92.6,91.3,986,12.6,2.1,141185,56.2,10394,9146,36,37,3.0,31.7
27,SHOZHINGANALLUR,Chengalpattu,Chennai Metropolitan,GEN,602661,74.22,97.3,92.8,993,19.3,2.8,167852,55.9,12583,11073,43,33,3.0,33.7
86,EDAPPADI,Salem,Northern Tamil Nadu,GEN,336630,76.72,56.8,87.0,1023,24.8,1.3,102647,60.3,6589,5798,73,30,22.6,32.1
