ac_no,constituency_name,district,region,total_votes,winner_party,winner_candidate,winner_votes,winner_vote_share_pct,runner_up_party,runner_up_candidate,runner_up_votes,runner_up_vote_share_pct,margin_votes,margin_pct,third_party,third_votes,ntk_votes,ntk_vote_share_pct,tvk_total_votes,tvk_vote_share_pct,dmk_alliance_total_votes,dmk_alliance_vote_share_pct,admk_alliance_total_votes,admk_alliance_vote_share_pct
185,TIRUPPATTUR,Pudukkottai,Southern Tamil Nadu,215710,TVK,SEENIVASA SETHUPATHY. R,83375,38.65,DMK,DMK Nominee (TIRUPPATTUR),83374,38.65,1,0.0,ADMK,9792,22002,10.2,83375,38.65,83374,38.65,9792,4.54
54,VEPPANAHALLI,Krishnagiri,Northern Tamil Nadu,222608,DMK,DMK Candidate (VEPPANAHALLI),74691,33.55,ADMK,ADMK Nominee (VEPPANAHALLI),74553,33.49,138,0.06,TVK,33013,16695,7.5,33013,14.83,74691,33.55,74553,33.49
229,KANNIYAKUMARI,Kanniyakumari,Deep South (Kanniyakumari/Tirunelveli),239150,ADMK,ADMK Candidate (KANNIYAKUMARI),75045,31.38,DMK,DMK Nominee (KANNIYAKUMARI),74831,31.29,214,0.09,TVK,40173,20088,8.4,40173,16.8,74831,31.29,75045,31.38
66,POLUR,Tiruvannamalai,Northern Tamil Nadu,211743,TVK,ABISHEK. R,67961,32.1,DMDK,DMDK Nominee (POLUR),67734,31.99,227,0.11,ADMK,15209,16515,7.8,67961,32.1,67734,31.99,15209,7.18
76,TIRUKKOYILUR,Viluppuram,Northern Tamil Nadu,217318,ADMK,ADMK Candidate (TIRUKKOYILUR),73033,33.61,TVK,TVK Nominee (TIRUKKOYILUR),72748,33.48,285,0.13,DMK,25037,16516,7.6,72748,33.48,25037,11.52,73033,33.61
95,PARAMATHI-VELUR,Namakkal,Western Tamil Nadu (Kongu),188845,ADMK,ADMK Candidate (PARAMATHI-VELUR),61349,32.49,DMK,DMK Nominee (PARAMATHI-VELUR),61041,32.32,308,0.16,TVK,29904,18695,9.9,29904,15.84,61041,32.32,61349,32.49
137,KULITHALAI,Karur,Cauvery Delta,209091,DMK,DMK Candidate (KULITHALAI),68138,32.59,TVK,TVK Nominee (KULITHALAI),67559,32.31,579,0.28,ADMK,14678,19654,9.4,67559,32.31,68138,32.59,14678,7.02
171,KUMBAKONAM,Thanjavur,Cauvery Delta,208288,TVK,VINOTH,78650,37.76,DMK,DMK Nominee (KUMBAKONAM),77971,37.43,679,0.33,ADMK,10333,21037,10.1,78650,37.76,77971,37.43,10333,4.96
127,PALANI,Dindigul,Western Tamil Nadu (Kongu),208619,ADMK,ADMK Candidate (PALANI),66986,32.11,TVK,TVK Nominee (PALANI),66293,31.78,693,0.33,DMK,26369,20236,9.7,66293,31.78,26369,12.64,66986,32.11
72,TINDIVANAM,Viluppuram,Northern Tamil Nadu,196026,VCK,VCK Nominee (TINDIVANAM),63833,32.56,ADMK,ADMK Nominee (TINDIVANAM),63099,32.19,734,0.37,TVK,31092,17838,9.1,31092,15.86,63833,32.56,63099,32.19
201,CUMBUM,Theni,Southern Tamil Nadu,210574,TVK,JEGANATHMISHRA PLA,85394,40.55,DMK,DMK Nominee (CUMBUM),84643,40.2,751,0.36,ADMK,8107,16003,7.6,85394,40.55,84643,40.2,8107,3.85
80,KALLAKURICHI,Kallakurichi,Northern Tamil Nadu,249626,TVK,ARUL VIGNESH C,81132,32.5,ADMK,ADMK Nominee (KALLAKURICHI),80334,32.18,798,0.32,DMK,30855,22466,9.0,81132,32.5,30855,12.36,80334,32.18
218,KOVILPATTI,Thoothukkudi,Southern Tamil Nadu,194232,DMK,DMK Candidate (KOVILPATTI),61643,31.74,TVK,TVK Nominee (KOVILPATTI),60800,31.3,843,0.43,ADMK,14357,18063,9.3,60800,31.3,61643,31.74,14357,7.39
75,VIKRAVANDI,Viluppuram,Northern Tamil Nadu,209231,PMK,PMK Nominee (VIKRAVANDI),69727,33.33,TVK,TVK Nominee (VIKRAVANDI),68817,32.89,910,0.43,DMK,24740,16320,7.8,68817,32.89,24740,11.82,69727,33.33
108,UDHAGAMANDALAM,The Nilgiris,Western Tamil Nadu (Kongu),148704,BJP,BJP Nominee (UDHAGAMANDALAM),48488,32.61,TVK,TVK Nominee (UDHAGAMANDALAM),47512,31.95,976,0.66,DMK,18446,12193,8.2,47512,31.95,18446,12.4,48488,32.61
172,PAPANASAM,Thanjavur,Cauvery Delta,207723,IUML,IUML Nominee (PAPANASAM),69284,33.35,TVK,TVK Nominee (PAPANASAM),68219,32.84,1065,0.51,ADMK,14044,16825,8.1,68219,32.84,69284,33.35,14044,6.76
132,DINDIGUL,Dindigul,Cauvery Delta,212024,DMK,DMK Candidate (DINDIGUL),74489,35.13,TVK,TVK Nominee (DINDIGUL),73358,34.6,1131,0.53,ADMK,12835,19294,9.1,73358,34.6,74489,35.13,12835,6.05
216,SRIVAIKUNTAM,Thoothukkudi,Southern Tamil Nadu,176421,TVK,SARAVANAN. G,58814,33.34,ADMK,ADMK Nominee (SRIVAIKUNTAM),57628,32.67,1186,0.67,DMK,20992,17112,9.7,58814,33.34,20992,11.9,57628,32.67
187,MANAMADURAI,Madurai,Southern Tamil Nadu,208643,TVK,ELANGOVAN.D,69971,33.54,DMK,DMK Nominee (MANAMADURAI),68763,32.96,1208,0.58,ADMK,13981,19195,9.2,69971,33.54,68763,32.96,13981,6.7
105,ANTHIYUR,Erode,Western Tamil Nadu (Kongu),185775,ADMK,ADMK Candidate (ANTHIYUR),60042,32.32,DMK,DMK Nominee (ANTHIYUR),58782,31.64,1260,0.68,TVK,30127,18949,10.2,30127,16.22,58782,31.64,60042,32.32
234,KILLIYOOR,Kanniyakumari,Deep South (Kanniyakumari/Tirunelveli),177534,INC,INC Nominee (KILLIYOOR),66434,37.42,TVK,TVK Nominee (KILLIYOOR),65123,36.68,1311,0.74,ADMK,9195,15978,9.0,65123,36.68,66434,37.42,9195,5.18
138,MANAPPARAI,Tiruchirappalli,Cauvery Delta,241216,TVK,R. KATHIRAVAN,83041,34.43,ADMK,ADMK Nominee (MANAPPARAI),81615,33.83,1426,0.59,DMK,26796,25086,10.4,83041,34.43,26796,11.11,81615,33.83
181,THIRUMAYAM,Pudukkottai,Southern Tamil Nadu,182612,DMK,DMK Candidate (THIRUMAYAM),58201,31.87,TVK,TVK Nominee (THIRUMAYAM),56709,31.05,1492,0.82,ADMK,13540,14608,8.0,56709,31.05,58201,31.87,13540,7.41
167,MANNARGUDI,Thiruvarur,Cauvery Delta,194100,AMMKMNKZ,AMMKMNKZ Nominee (MANNARGUDI),68416,35.25,DMK,DMK Nominee (MANNARGUDI),66850,34.44,1566,0.81,TVK,26475,19021,9.8,26475,13.64,66850,34.44,68416,35.25
197,USILAMPATTI,Theni,Southern Tamil Nadu,224048,TVK,VIJAY. M,65743,29.34,ADMK,ADMK Nominee (USILAMPATTI),63938,28.54,1805,0.81,DMK,33028,17475,7.8,65743,29.34,33028,14.74,63938,28.54
135,KARUR,Karur,Cauvery Delta,216829,ADMK,ADMK Candidate (KARUR),71542,32.99,TVK,TVK Nominee (KARUR),69721,32.15,1821,0.84,DMK,26448,20815,9.6,69721,32.15,26448,12.2,71542,32.99
180,PUDUKKOTTAI,Nagapattinam,Southern Tamil Nadu,190378,DMK,DMK Candidate (PUDUKKOTTAI),66825,35.1,TVK,TVK Nominee (PUDUKKOTTAI),64958,34.12,1867,0.98,ADMK,11719,18085,9.5,64958,34.12,66825,35.1,11719,6.16
83,YERCAUD,Salem,Northern Tamil Nadu,253592,ADMK,ADMK Candidate (YERCAUD),87772,34.61,TVK,TVK Nominee (YERCAUD),85583,33.75,2189,0.86,DMK,28082,20033,7.9,85583,33.75,28082,11.07,87772,34.61
120,COIMBATORE,Tiruppur,Western Tamil Nadu (Kongu),156499,DMK,DMK Candidate (COIMBATORE),59724,38.16,TVK,TVK Nominee (COIMBATORE),57453,36.71,2271,1.45,ADMK,7864,15493,9.9,57453,36.71,59724,38.16,7864,5.02
77,ULUNDURPETTAI,Kallakurichi,Northern Tamil Nadu,271002,DMK,DMK Candidate (ULUNDURPETTAI),98471,36.34,ADMK,ADMK Nominee (ULUNDURPETTAI),96194,35.5,2277,0.84,TVK,34351,27371,10.1,34351,12.68,98471,36.34,96194,35.5
164,KILVELUR,Mayiladuthurai,Cauvery Delta,151637,CPI(M),CPI(M) Nominee (KILVELUR),56108,37.0,TVK,TVK Nominee (KILVELUR),53830,35.5,2278,1.5,ADMK,8339,11979,7.9,53830,35.5,56108,37.0,8339,5.5
152,VRIDDHACHALAM,Cuddalore,Cauvery Delta,209186,DMDK,DMDK Nominee (VRIDDHACHALAM),69351,33.15,TVK,TVK Nominee (VRIDDHACHALAM),66964,32.01,2387,1.14,ADMK,14574,21755,10.4,66964,32.01,69351,33.15,14574,6.97
100,MODAKKURICHI,Erode,Western Tamil Nadu (Kongu),190759,TVK,D.SHANMUGAN,60715,31.83,BJP,BJP Nominee (MODAKKURICHI),58285,30.55,2430,1.27,DMK,25115,18312,9.6,60715,31.83,25115,13.17,58285,30.55
63,TIRUVANNAMALAI,Tiruvannamalai,Northern Tamil Nadu,220066,DMK,DMK Candidate (TIRUVANNAMALAI),88273,40.11,TVK,TVK Nominee (TIRUVANNAMALAI),85818,39.0,2455,1.12,ADMK,9195,20906,9.5,85818,39.0,88273,40.11,9195,4.18
157,BHUVANAGIRI,Ariyalur,Cauvery Delta,207310,ADMK,ADMK Candidate (BHUVANAGIRI),75707,36.52,DMK,DMK Nominee (BHUVANAGIRI),73220,35.32,2487,1.2,TVK,26272,17621,8.5,26272,12.67,73220,35.32,75707,36.52
210,TIRUVADANAI,Sivaganga,Southern Tamil Nadu,220278,TVK,RAJEEV,69551,31.57,INC,INC Nominee (TIRUVADANAI),67038,30.43,2513,1.14,ADMK,16737,21587,9.8,69551,31.57,67038,30.43,16737,7.6
151,TITTAKUDI,Cuddalore,Cauvery Delta,175754,DMK,DMK Candidate (TITTAKUDI),63106,35.91,TVK,TVK Nominee (TITTAKUDI),60477,34.41,2629,1.5,ADMK,10434,15466,8.8,60477,34.41,63106,35.91,10434,5.94
93,SENTHAMANGALAM,Namakkal,Western Tamil Nadu (Kongu),209687,TVK,P CHANDRASEKAR,68815,32.82,ADMK,ADMK Nominee (SENTHAMANGALAM),66160,31.55,2655,1.27,DMK,26149,20339,9.7,68815,32.82,26149,12.47,66160,31.55
190,SHOLAVANDAN,Madurai,Southern Tamil Nadu,189080,TVK,KARUPPAIAH.M.V,63907,33.8,DMK,DMK Nominee (SHOLAVANDAN),61229,32.38,2678,1.42,ADMK,12788,18151,9.6,63907,33.8,61229,32.38,12788,6.76
188,MELUR,Madurai,Southern Tamil Nadu,190726,INC,INC Nominee (MELUR),60080,31.5,TVK,TVK Nominee (MELUR),57356,30.07,2724,1.43,ADMK,14658,17737,9.3,57356,30.07,60080,31.5,14658,7.69
143,LALGUDI,Tiruchirappalli,Cauvery Delta,185213,ADMK,ADMK Candidate (LALGUDI),60795,32.82,TVK,TVK Nominee (LALGUDI),58056,31.35,2739,1.48,DMK,23226,17965,9.7,58056,31.35,23226,12.54,60795,32.82
231,COLACHAL,Kanniyakumari,Deep South (Kanniyakumari/Tirunelveli),199013,INC,INC Nominee (COLACHAL),66207,33.27,TVK,TVK Nominee (COLACHAL),63374,31.84,2833,1.42,ADMK,13886,17712,8.9,63374,31.84,66207,33.27,13886,6.98
125,UDUMALAIPETTAI,Tiruppur,Western Tamil Nadu (Kongu),203575,DMK,DMK Candidate (UDUMALAIPETTAI),68549,33.67,ADMK,ADMK Nominee (UDUMALAIPETTAI),65667,32.26,2882,1.42,TVK,31211,17914,8.8,31211,15.33,68549,33.67,65667,32.26
130,NILAKKOTTAI,Dindigul,Western Tamil Nadu (Kongu),197593,TVK,AYYANAR.R,68580,34.71,DMK,DMK Nominee (NILAKKOTTAI),65655,33.23,2925,1.48,ADMK,12671,15609,7.9,68580,34.71,65655,33.23,12671,6.41
47,VANIYAMBADI,Tirupathur,Northern Tamil Nadu,212534,IUML,IUML Nominee (VANIYAMBADI),73181,34.43,TVK,TVK Nominee (VANIYAMBADI),70199,33.03,2982,1.4,ADMK,13830,18065,8.5,70199,33.03,73181,34.43,13830,6.51
177,PERAVURANI,Nagapattinam,Cauvery Delta,176274,DMK,DMK Candidate (PERAVURANI),60919,34.56,ADMK,ADMK Nominee (PERAVURANI),57757,32.77,3162,1.79,TVK,25919,16746,9.5,25919,14.7,60919,34.56,57757,32.77
58,PENNAGARAM,Dharmapuri,Northern Tamil Nadu,228666,TVK,GAJENDRAN. S.,81240,35.53,PMK,PMK Nominee (PENNAGARAM),78075,34.14,3165,1.38,DMK,24272,18979,8.3,81240,35.53,24272,10.61,78075,34.14
61,HARUR,Dharmapuri,Northern Tamil Nadu,220042,ADMK,ADMK Candidate (HARUR),75523,34.32,DMK,DMK Nominee (HARUR),72194,32.81,3329,1.51,TVK,32546,22884,10.4,32546,14.79,72194,32.81,75523,34.32
69,VANDAVASI,Tiruvannamalai,Northern Tamil Nadu,191204,DMK,DMK Candidate (VANDAVASI),63805,33.37,ADMK,ADMK Nominee (VANDAVASI),60472,31.63,3333,1.74,TVK,30117,19502,10.2,30117,15.75,63805,33.37,60472,31.63
79,SANKARAPURAM,Kallakurichi,Northern Tamil Nadu,235528,ADMK,ADMK Candidate (SANKARAPURAM),80250,34.07,DMK,DMK Nominee (SANKARAPURAM),76810,32.61,3440,1.46,TVK,35310,17664,7.5,35310,14.99,76810,32.61,80250,34.07
136,KRISHNARAYAPURAM,Karur,Cauvery Delta,189357,TVK,SATHYA. M,62378,32.94,ADMK,ADMK Nominee (KRISHNARAYAPURAM),58875,31.09,3503,1.85,DMK,23836,14580,7.7,62378,32.94,23836,12.59,58875,31.09
209,PARAMAKUDI,Sivaganga,Southern Tamil Nadu,189753,DMK,DMK Candidate (PARAMAKUDI),59161,31.18,TVK,TVK Nominee (PARAMAKUDI),55613,29.31,3548,1.87,ADMK,14995,19354,10.2,55613,29.31,59161,31.18,14995,7.9
91,VEERAPANDI,Salem,Western Tamil Nadu (Kongu),235875,TVK,PALANIVEL. M.S,79907,33.88,ADMK,ADMK Nominee (VEERAPANDI),75836,32.15,4071,1.73,DMK,28046,23115,9.8,79907,33.88,28046,11.89,75836,32.15
74,VILUPPURAM,Viluppuram,Northern Tamil Nadu,215422,DMK,DMK Candidate (VILUPPURAM),72982,33.88,TVK,TVK Nominee (VILUPPURAM),68863,31.97,4119,1.91,ADMK,14715,22188,10.3,68863,31.97,72982,33.88,14715,6.83
52,BARGUR,Krishnagiri,Northern Tamil Nadu,213960,ADMK,ADMK Candidate (BARGUR),71240,33.3,TVK,TVK Nominee (BARGUR),66999,31.31,4241,1.98,DMK,26502,17330,8.1,66999,31.31,26502,12.39,71240,33.3
107,BHAVANISAGAR,The Nilgiris,Western Tamil Nadu (Kongu),214595,TVK,V.P.TAMILSELVI,72391,33.73,ADMK,ADMK Nominee (BHAVANISAGAR),67822,31.6,4569,2.13,DMK,26033,21244,9.9,72391,33.73,26033,12.13,67822,31.6
123,POLLACHI,Tiruppur,Western Tamil Nadu (Kongu),181196,DMK,DMK Candidate (POLLACHI),62013,34.22,ADMK,ADMK Nominee (POLLACHI),57386,31.67,4627,2.55,TVK,27808,16126,8.9,27808,15.35,62013,34.22,57386,31.67
140,TIRUCHIRAPPALLI,Tiruchirappalli,Cauvery Delta,196347,DMK,DMK Candidate (TIRUCHIRAPPALLI),88235,44.94,TVK,TVK Nominee (TIRUCHIRAPPALLI),83449,42.5,4786,2.44,ADMK,4932,16030,8.16,83449,42.5,88235,44.94,4932,2.51
116,SULUR,Coimbatore,Western Tamil Nadu (Kongu),273544,TVK,NM.SUKUMAR,90531,33.1,ADMK,ADMK Nominee (SULUR),85741,31.34,4790,1.75,DMK,34045,25166,9.2,90531,33.1,34045,12.45,85741,31.34
78,RISHIVANDIYAM,Kallakurichi,Northern Tamil Nadu,244795,DMK,DMK Candidate (RISHIVANDIYAM),89711,36.65,TVK,TVK Nominee (RISHIVANDIYAM),84849,34.66,4862,1.99,ADMK,14047,25458,10.4,84849,34.66,89711,36.65,14047,5.74
207,ARUPPUKKOTTAI,Sivaganga,Southern Tamil Nadu,178413,DMK,DMK Candidate (ARUPPUKKOTTAI),65104,36.49,TVK,TVK Nominee (ARUPPUKKOTTAI),60161,33.72,4943,2.77,ADMK,10629,18376,10.3,60161,33.72,65104,36.49,10629,5.96
51,UTHANGARAI,Krishnagiri,Northern Tamil Nadu,205530,TVK,N ELAIYARAJA,70201,34.16,ADMK,ADMK Nominee (UTHANGARAI),65003,31.63,5198,2.53,DMK,24614,17470,8.5,70201,34.16,24614,11.98,65003,31.63
56,THALLI,Krishnagiri,Northern Tamil Nadu,205878,CPI,CPI Nominee (THALLI),78283,38.02,BJP,BJP Nominee (THALLI),73043,35.48,5240,2.55,TVK,24548,20176,9.8,24548,11.92,78283,38.02,73043,35.48
67,ARANI,Tiruvannamalai,Northern Tamil Nadu,230162,ADMK,ADMK Candidate (ARANI),76735,33.34,DMK,DMK Nominee (ARANI),71104,30.89,5631,2.45,TVK,37045,20024,8.7,37045,16.1,71104,30.89,76735,33.34
34,CHEYYUR,Kanchipuram,Northern Tamil Nadu,187584,ADMK,ADMK Candidate (CHEYYUR),63809,34.02,TVK,TVK Nominee (CHEYYUR),58141,30.99,5668,3.02,DMK,22971,17070,9.1,58141,30.99,22971,12.25,63809,34.02
39,SHOLINGUR,Ranipet,Northern Tamil Nadu,233684,TVK,G.KAPIL,84506,36.16,PMK,PMK Nominee (SHOLINGUR),78820,33.73,5686,2.43,DMK,24625,22667,9.7,84506,36.16,24625,10.54,78820,33.73
158,CHIDAMBARAM,Ariyalur,Cauvery Delta,196586,DMK,DMK Candidate (CHIDAMBARAM),69739,35.48,ADMK,ADMK Nominee (CHIDAMBARAM),63992,32.55,5747,2.92,TVK,28284,16316,8.3,28284,14.39,69739,35.48,63992,32.55
41,RANIPET,Ranipet,Northern Tamil Nadu,221038,TVK,THAHIRA,91149,41.24,DMK,DMK Nominee (RANIPET),85362,38.62,5787,2.62,ADMK,8905,20777,9.4,91149,41.24,85362,38.62,8905,4.03
3,TIRUTTANI,Thiruvallur,Chennai Metropolitan,238798,ADMK,ADMK Candidate (TIRUTTANI),89169,37.34,TVK,TVK Nominee (TIRUTTANI),83376,34.91,5793,2.43,DMK,23188,20059,8.4,83376,34.91,23188,9.71,89169,37.34
40,KATPADI,Ranipet,Northern Tamil Nadu,203497,TVK,DR M SUDHAKAR,69868,34.33,ADMK,ADMK Nominee (KATPADI),63998,31.45,5870,2.88,DMK,24370,16890,8.3,69868,34.33,24370,11.98,63998,31.45
215,TIRUCHENDUR,Thoothukkudi,Southern Tamil Nadu,186050,DMK,DMK Candidate (TIRUCHENDUR),72723,39.09,TVK,TVK Nominee (TIRUCHENDUR),66851,35.93,5872,3.16,ADMK,9295,14139,7.6,66851,35.93,72723,39.09,9295,5.0
204,SATTUR,Virudhunagar,Southern Tamil Nadu,198734,DMK,DMK Candidate (SATTUR),62060,31.23,BJP,BJP Nominee (SATTUR),56071,28.21,5989,3.01,TVK,36271,17687,8.9,36271,18.25,62060,31.23,56071,28.21
221,KADAYANALLUR,Tirunelveli,Southern Tamil Nadu,221951,DMK,DMK Candidate (KADAYANALLUR),79832,35.97,ADMK,ADMK Nominee (KADAYANALLUR),73579,33.15,6253,2.82,TVK,30843,17756,8.0,30843,13.9,79832,35.97,73579,33.15
219,SANKARANKOVIL,Thoothukkudi,Southern Tamil Nadu,196480,ADMK,ADMK Candidate (SANKARANKOVIL),64865,33.01,TVK,TVK Nominee (SANKARANKOVIL),58376,29.71,6489,3.3,DMK,25633,19451,9.9,58376,29.71,25633,13.05,64865,33.01
220,VASUDEVANALLUR,Thoothukkudi,Southern Tamil Nadu,189795,DMK,DMK Candidate (VASUDEVANALLUR),63045,33.22,BJP,BJP Nominee (VASUDEVANALLUR),56462,29.75,6583,3.47,TVK,31629,18030,9.5,31629,16.66,63045,33.22,56462,29.75
43,VELLORE,Vellore,Northern Tamil Nadu,190527,TVK,M.M.VINOTH KANNAN,73032,38.33,DMK,DMK Nominee (VELLORE),66255,34.77,6777,3.56,ADMK,10248,18862,9.9,73032,38.33,66255,34.77,10248,5.38
200,BODINAYAKANUR,Theni,Southern Tamil Nadu,220628,DMK,DMK Candidate (BODINAYAKANUR),85206,38.62,TVK,TVK Nominee (BODINAYAKANUR),78401,35.54,6805,3.08,ADMK,11404,21400,9.7,78401,35.54,85206,38.62,11404,5.17
73,VANUR,Viluppuram,Northern Tamil Nadu,192119,DMK,DMK Candidate (VANUR),68873,35.85,TVK,TVK Nominee (VANUR),61839,32.19,7034,3.66,ADMK,12281,16330,8.5,61839,32.19,68873,35.85,12281,6.39
44,ANAIKATTU,Vellore,Northern Tamil Nadu,216318,ADMK,ADMK Candidate (ANAIKATTU),76302,35.27,DMK,DMK Nominee (ANAIKATTU),69221,32.0,7081,3.27,TVK,31857,16440,7.6,31857,14.73,69221,32.0,76302,35.27
48,AMBUR,Tirupathur,Northern Tamil Nadu,195584,DMK,DMK Candidate (AMBUR),74102,37.89,TVK,TVK Nominee (AMBUR),66971,34.24,7131,3.65,ADMK,10902,15059,7.7,66971,34.24,74102,37.89,10902,5.57
19,CHEPAUK-THIRUVALLIKENI,Chennai,Chennai Metropolitan,140741,DMK,DMK Candidate (CHEPAUK-THIRUVALLIKENI),62992,44.76,TVK,TVK Nominee (CHEPAUK-THIRUVALLIKENI),55852,39.68,7140,5.07,ADMK,4379,13511,9.6,55852,39.68,62992,44.76,4379,3.11
35,MADURANTAKAM,Kanchipuram,Northern Tamil Nadu,198251,ADMK,ADMK Candidate (MADURANTAKAM),69284,34.95,TVK,TVK Nominee (MADURANTAKAM),62090,31.32,7194,3.63,DMK,23406,18437,9.3,62090,31.32,23406,11.81,69284,34.95
165,VEDARANYAM,Thiruvarur,Cauvery Delta,162216,ADMK,ADMK Candidate (VEDARANYAM),59172,36.48,DMK,DMK Nominee (VEDARANYAM),51841,31.96,7331,4.52,TVK,23041,12652,7.8,23041,14.2,51841,31.96,59172,36.48
104,BHAVANI,Erode,Western Tamil Nadu (Kongu),208323,ADMK,ADMK Candidate (BHAVANI),75577,36.28,TVK,TVK Nominee (BHAVANI),68181,32.73,7396,3.55,DMK,22597,17082,8.2,68181,32.73,22597,10.85,75577,36.28
230,NAGERCOIL,Kanniyakumari,Deep South (Kanniyakumari/Tirunelveli),196280,DMK,DMK Candidate (NAGERCOIL),69880,35.6,TVK,TVK Nominee (NAGERCOIL),62310,31.75,7570,3.86,ADMK,12818,17076,8.7,62310,31.75,69880,35.6,12818,6.53
156,KURINJIPADI,Cuddalore,Cauvery Delta,213965,DMK,DMK Candidate (KURINJIPADI),76695,35.84,ADMK,ADMK Nominee (KURINJIPADI),69106,32.3,7589,3.55,TVK,30673,21610,10.1,30673,14.34,76695,35.84,69106,32.3
97,KUMARAPALAYAM,Namakkal,Western Tamil Nadu (Kongu),205324,TVK,C.VIJAYALAKSHMI,81179,39.54,ADMK,ADMK Nominee (KUMARAPALAYAM),73483,35.79,7696,3.75,DMK,17731,18889,9.2,81179,39.54,17731,8.64,73483,35.79
111,METTUPPALAYAM,Coimbatore,Western Tamil Nadu (Kongu),244319,TVK,SUNILANAND,75664,30.97,DMK,DMK Nominee (METTUPPALAYAM),67896,27.79,7768,3.18,ADMK,20151,18323,7.5,75664,30.97,67896,27.79,20151,8.25
223,ALANGULAM,Tirunelveli,Southern Tamil Nadu,220857,DMK,DMK Candidate (ALANGULAM),69170,31.32,ADMK,ADMK Nominee (ALANGULAM),61372,27.79,7798,3.53,TVK,40641,22085,10.0,40641,18.4,69170,31.32,61372,27.79
110,COONOOR,Coimbatore,Western Tamil Nadu (Kongu),141394,DMK,DMK Candidate (COONOOR),50470,35.69,ADMK,ADMK Nominee (COONOOR),42371,29.97,8099,5.73,TVK,21848,13998,9.9,21848,15.45,50470,35.69,42371,29.97
102,KANGAYAM,Erode,Western Tamil Nadu (Kongu),203534,ADMK,ADMK Candidate (KANGAYAM),71122,34.94,TVK,TVK Nominee (KANGAYAM),62989,30.95,8133,4.0,DMK,24298,19539,9.6,62989,30.95,24298,11.94,71122,34.94
213,VILATHIKULAM,Ramanathapuram,Southern Tamil Nadu,174814,DMK,DMK Candidate (VILATHIKULAM),58395,33.4,TVK,TVK Nominee (VILATHIKULAM),50167,28.7,8228,4.71,ADMK,13250,13635,7.8,50167,28.7,58395,33.4,13250,7.58
162,POOMPUHAR,Mayiladuthurai,Cauvery Delta,219324,DMK,DMK Candidate (POOMPUHAR),81096,36.98,ADMK,ADMK Nominee (POOMPUHAR),72836,33.21,8260,3.77,TVK,29426,20397,9.3,29426,13.42,81096,36.98,72836,33.21
173,THIRUVAIYARU,Thanjavur,Cauvery Delta,222111,DMK,DMK Candidate (THIRUVAIYARU),80425,36.21,TVK,TVK Nominee (THIRUVAIYARU),71870,32.36,8555,3.85,ADMK,13963,19323,8.7,71870,32.36,80425,36.21,13963,6.29
203,SRIVILLIPUTHUR,Virudhunagar,Southern Tamil Nadu,193471,TVK,KARTHIK.A,65653,33.93,CPI,CPI Nominee (SRIVILLIPUTHUR),57072,29.5,8581,4.44,ADMK,14149,18379,9.5,65653,33.93,57072,29.5,14149,7.31
142,THIRUVERUMBUR,Tiruchirappalli,Cauvery Delta,213583,TVK,VIJAYAKUMAR (A) NAVALPATTU S. VIJI,89837,42.06,DMK,DMK Nominee (THIRUVERUMBUR),81132,37.99,8705,4.08,ADMK,8522,16232,7.6,89837,42.06,81132,37.99,8522,3.99
13,KOLATHUR,Chennai,Chennai Metropolitan,184051,TVK,V. S. BABU,82997,45.09,DMK,DMK Nominee (KOLATHUR),74202,40.32,8795,4.78,ADMK,5370,17300,9.4,82997,45.09,74202,40.32,5370,2.92
124,VALPARAI,Tiruppur,Western Tamil Nadu (Kongu),150431,DMK,DMK Candidate (VALPARAI),54671,36.34,TVK,TVK Nominee (VALPARAI),45300,30.11,9371,6.23,ADMK,10092,14892,9.9,45300,30.11,54671,36.34,10092,6.71
206,VIRUDHUNAGAR,Virudhunagar,Southern Tamil Nadu,167832,TVK,SELVAM P,63653,37.93,DMDK,DMDK Nominee (VIRUDHUNAGAR),54262,32.33,9391,5.6,ADMK,9983,14265,8.5,63653,37.93,54262,32.33,9983,5.95
87,SANKARI,Salem,Northern Tamil Nadu,243779,ADMK,ADMK Candidate (SANKARI),87342,35.83,TVK,TVK Nominee (SANKARI),77825,31.92,9517,3.9,DMK,27514,20233,8.3,77825,31.92,27514,11.29,87342,35.83
198,ANDIPATTI,Theni,Southern Tamil Nadu,217329,DMK,DMK Candidate (ANDIPATTI),74324,34.2,TVK,TVK Nominee (ANDIPATTI),64770,29.8,9554,4.4,ADMK,15647,22167,10.2,64770,29.8,74324,34.2,15647,7.2
146,THURAIYUR,Tiruchirappalli,Cauvery Delta,184426,TVK,RAVISANKAR.M,66263,35.93,ADMK,ADMK Nominee (THURAIYUR),56649,30.72,9614,5.21,DMK,21529,18442,10.0,66263,35.93,21529,11.67,56649,30.72
103,PERUNDURAI,Erode,Western Tamil Nadu (Kongu),200686,ADMK,ADMK Candidate (PERUNDURAI),70302,35.03,DMK,DMK Nominee (PERUNDURAI),60609,30.2,9693,4.83,TVK,31398,20068,10.0,31398,15.65,60609,30.2,70302,35.03
163,NAGAPATTINAM,Mayiladuthurai,Cauvery Delta,151326,DMK,DMK Candidate (NAGAPATTINAM),56305,37.21,TVK,TVK Nominee (NAGAPATTINAM),46524,30.74,9781,6.46,ADMK,9699,11500,7.6,46524,30.74,56305,37.21,9699,6.41
183,ARANTHANGI,Pudukkottai,Southern Tamil Nadu,182730,TVK,MOHAMED FARVAS. J,73244,40.08,INC,INC Nominee (ARANTHANGI),63182,34.58,10062,5.51,ADMK,9260,14618,8.0,73244,40.08,63182,34.58,9260,5.07
133,VEDASANDUR,Dindigul,Cauvery Delta,226554,DMK,DMK Candidate (VEDASANDUR),84948,37.5,ADMK,ADMK Nominee (VEDASANDUR),74885,33.05,10063,4.44,TVK,30024,21975,9.7,30024,13.25,84948,37.5,74885,33.05
46,GUDIYATTAM,Vellore,Northern Tamil Nadu,229076,TVK,K.SINDU,82858,36.17,DMDK,DMDK Nominee (GUDIYATTAM),72761,31.76,10097,4.41,ADMK,14691,23136,10.1,82858,36.17,72761,31.76,14691,6.41
225,AMBASAMUDRAM,Tirunelveli,Deep South (Kanniyakumari/Tirunelveli),191195,ADMK,ADMK Candidate (AMBASAMUDRAM),65589,34.3,INC,INC Nominee (AMBASAMUDRAM),55344,28.95,10245,5.36,TVK,31617,19693,10.3,31617,16.54,55344,28.95,65589,34.3
222,TENKASI,Tirunelveli,Southern Tamil Nadu,234987,DMK,DMK Candidate (TENKASI),79699,33.92,ADMK,ADMK Nominee (TENKASI),69400,29.53,10299,4.38,TVK,38649,20208,8.6,38649,16.45,79699,33.92,69400,29.53
202,RAJAPALAYAM,Virudhunagar,Southern Tamil Nadu,183020,TVK,JEGADESHWARI. K,65548,35.81,DMK,DMK Nominee (RAJAPALAYAM),54943,30.02,10605,5.79,ADMK,12505,14092,7.7,65548,35.81,54943,30.02,12505,6.83
154,PANRUTI,Cuddalore,Cauvery Delta,210767,ADMK,ADMK Candidate (PANRUTI),78398,37.2,VCK,VCK Nominee (PANRUTI),67735,32.14,10663,5.06,TVK,29085,20655,9.8,29085,13.8,67735,32.14,78398,37.2
16,EGMORE,Chennai,Chennai Metropolitan,119738,TVK,RAJMOHAN,53901,45.02,DMK,DMK Nominee (EGMORE),43097,35.99,10804,9.02,ADMK,4548,10057,8.4,53901,45.02,43097,35.99,4548,3.8
161,MAYILADUTHURAI,Mayiladuthurai,Cauvery Delta,188461,INC,INC Nominee (MAYILADUTHURAI),68011,36.09,PMK,PMK Nominee (MAYILADUTHURAI),57166,30.33,10845,5.75,TVK,28477,19411,10.3,28477,15.11,68011,36.09,57166,30.33
153,NEYVELI,Cuddalore,Cauvery Delta,168780,ADMK,ADMK Candidate (NEYVELI),63731,37.76,DMK,DMK Nominee (NEYVELI),52769,31.26,10962,6.49,TVK,23526,15527,9.2,23526,13.94,52769,31.26,63731,37.76
94,NAMAKKAL,Namakkal,Western Tamil Nadu (Kongu),212283,TVK,DILIP C S,79744,37.56,ADMK,ADMK Nominee (NAMAKKAL),68736,32.38,11008,5.19,DMK,22331,18893,8.9,79744,37.56,22331,10.52,68736,32.38
178,GANDHARVAKOTTAI,Nagapattinam,Cauvery Delta,167618,TVK,N. SUBRAMANIAN,58795,35.08,BJP,BJP Nominee (GANDHARVAKOTTAI),47756,28.49,11039,6.59,DMK,21373,15588,9.3,58795,35.08,21373,12.75,47756,28.49
224,TIRUNELVELI,Tirunelveli,Southern Tamil Nadu,218425,TVK,MURUGHAN.R.S.,75840,34.72,DMK,DMK Nominee (TIRUNELVELI),64426,29.5,11414,5.23,ADMK,15631,18129,8.3,75840,34.72,64426,29.5,15631,7.16
160,SIRKAZHI,Ariyalur,Cauvery Delta,200448,DMK,DMK Candidate (SIRKAZHI),71449,35.64,ADMK,ADMK Nominee (SIRKAZHI),60032,29.95,11417,5.7,TVK,31035,18240,9.1,31035,15.48,71449,35.64,60032,29.95
205,SIVAKASI,Virudhunagar,Southern Tamil Nadu,193517,TVK,KEERTHANA S,68709,35.51,INC,INC Nominee (SIVAKASI),57039,29.47,11670,6.03,ADMK,13553,16642,8.6,68709,35.51,57039,29.47,13553,7.0
122,KINATHUKADAVU,Tiruppur,Western Tamil Nadu (Kongu),267917,TVK,VIGNESH K,99950,37.31,DMK,DMK Nominee (KINATHUKADAVU),88240,32.94,11710,4.37,ADMK,15945,21165,7.9,99950,37.31,88240,32.94,15945,5.95
18,HARBOUR,Chennai,Chennai Metropolitan,99622,DMK,DMK Candidate (HARBOUR),45254,45.43,TVK,TVK Nominee (HARBOUR),33504,33.63,11750,11.79,ADMK,4172,10360,10.4,33504,33.63,45254,45.43,4172,4.19
131,NATHAM,Dindigul,Cauvery Delta,239140,ADMK,ADMK Candidate (NATHAM),85708,35.84,DMK,DMK Nominee (NATHAM),73839,30.88,11869,4.96,TVK,35816,18892,7.9,35816,14.98,73839,30.88,85708,35.84
194,MADURAI WEST,Madurai,Southern Tamil Nadu,216403,TVK,THANGAPANDI SR,88250,40.78,DMK,DMK Nominee (MADURAI WEST),76319,35.27,11931,5.51,ADMK,10366,20774,9.6,88250,40.78,76319,35.27,10366,4.79
228,RADHAPURAM,Tenkasi,Deep South (Kanniyakumari/Tirunelveli),199931,TVK,DR.SATHISH CHRISTOPHER,69947,34.99,DMK,DMK Nominee (RADHAPURAM),57634,28.83,12313,6.16,ADMK,14470,17393,8.7,69947,34.99,57634,28.83,14470,7.24
144,MANACHANALLUR,Tiruchirappalli,Cauvery Delta,209780,DMK,DMK Candidate (MANACHANALLUR),81447,38.82,TVK,TVK Nominee (MANACHANALLUR),69083,32.93,12364,5.89,ADMK,11850,18250,8.7,69083,32.93,81447,38.82,11850,5.65
211,RAMANATHAPURAM,Ramanathapuram,Southern Tamil Nadu,237576,DMK,DMK Candidate (RAMANATHAPURAM),89137,37.52,TVK,TVK Nominee (RAMANATHAPURAM),76678,32.28,12459,5.24,ADMK,14352,18055,7.6,76678,32.28,89137,37.52,14352,6.04
70,GINGEE,Viluppuram,Northern Tamil Nadu,216652,PMK,PMK Nominee (GINGEE),78201,36.1,DMK,DMK Nominee (GINGEE),65556,30.26,12645,5.84,TVK,32802,17115,7.9,32802,15.14,65556,30.26,78201,36.1
114,TIRUPPUR,Coimbatore,Western Tamil Nadu (Kongu),179814,TVK,BALAMURUGAN. S,73793,41.04,DMK,DMK Nominee (TIRUPPUR),60892,33.86,12901,7.17,ADMK,9025,17981,10.0,73793,41.04,60892,33.86,9025,5.02
166,THIRUTHURAIPOONDI,Thiruvarur,Cauvery Delta,191030,CPI,CPI Nominee (THIRUTHURAIPOONDI),74062,38.77,TVK,TVK Nominee (THIRUTHURAIPOONDI),61140,32.01,12922,6.76,ADMK,11165,14709,7.7,61140,32.01,74062,38.77,11165,5.84
182,ALANGUDI,Pudukkottai,Southern Tamil Nadu,180483,DMK,DMK Candidate (ALANGUDI),64929,35.98,TVK,TVK Nominee (ALANGUDI),51952,28.78,12977,7.19,ADMK,12720,14077,7.8,51952,28.78,64929,35.98,12720,7.05
24,THIYAGARAYANAGAR,Chennai,Chennai Metropolitan,133928,TVK,ANAND N,51632,38.55,ADMK,ADMK Nominee (THIYAGARAYANAGAR),38605,28.83,13027,9.73,DMK,15291,11919,8.9,51632,38.55,15291,11.42,38605,28.83
62,CHENGAM,Tiruvannamalai,Northern Tamil Nadu,242897,ADMK,ADMK Candidate (CHENGAM),87802,36.15,TVK,TVK Nominee (CHENGAM),74524,30.68,13278,5.47,DMK,28199,22832,9.4,74524,30.68,28199,11.61,87802,36.15
208,TIRUCHULI,Sivaganga,Southern Tamil Nadu,181250,DMK,DMK Candidate (TIRUCHULI),75085,41.43,TVK,TVK Nominee (TIRUCHULI),61600,33.99,13485,7.44,ADMK,8913,13593,7.5,61600,33.99,75085,41.43,8913,4.92
176,PATTUKKOTTAI,Thanjavur,Cauvery Delta,183745,DMK,DMK Candidate (PATTUKKOTTAI),65963,35.9,TVK,TVK Nominee (PATTUKKOTTAI),52209,28.41,13754,7.49,ADMK,13114,17823,9.7,52209,28.41,65963,35.9,13114,7.14
226,PALAYAMKOTTAI,Tenkasi,Deep South (Kanniyakumari/Tirunelveli),180620,DMK,DMK Candidate (PALAYAMKOTTAI),79744,44.15,TVK,TVK Nominee (PALAYAMKOTTAI),65939,36.51,13805,7.64,ADMK,6987,18784,10.4,65939,36.51,79744,44.15,6987,3.87
89,SALEM,Salem,Northern Tamil Nadu,210712,TVK,SIVAKUMAR. K,85710,40.68,DMK,DMK Nominee (SALEM),71676,34.02,14034,6.66,ADMK,10665,21071,10.0,85710,40.68,71676,34.02,10665,5.06
170,THIRUVIDAIMARUDUR,Thanjavur,Cauvery Delta,208944,DMK,DMK Candidate (THIRUVIDAIMARUDUR),79951,38.26,TVK,TVK Nominee (THIRUVIDAIMARUDUR),65835,31.51,14116,6.76,ADMK,12631,21312,10.2,65835,31.51,79951,38.26,12631,6.05
36,UTHIRAMERUR,Kanchipuram,Northern Tamil Nadu,227765,TVK,MUNIRATHINAM.J,84917,37.28,DMK,DMK Nominee (UTHIRAMERUR),70694,31.04,14223,6.24,ADMK,14430,17082,7.5,84917,37.28,70694,31.04,14430,6.34
17,ROYAPURAM,Chennai,Chennai Metropolitan,127356,TVK,K.V. VIJAY DAMU,59091,46.4,DMK,DMK Nominee (ROYAPURAM),44842,35.21,14249,11.19,ADMK,4684,11589,9.1,59091,46.4,44842,35.21,4684,3.68
147,PERAMBALUR,Perambalur,Cauvery Delta,253654,TVK,SIVAKUMAR. K,90882,35.83,DMK,DMK Nominee (PERAMBALUR),76489,30.15,14393,5.67,ADMK,17256,24858,9.8,90882,35.83,76489,30.15,17256,6.8
81,GANGAVALLI,Salem,Northern Tamil Nadu,196679,ADMK,ADMK Candidate (GANGAVALLI),73167,37.2,DMK,DMK Nominee (GANGAVALLI),58763,29.88,14404,7.32,TVK,29137,15930,8.1,29137,14.81,58763,29.88,73167,37.2
92,RASIPURAM,Namakkal,Western Tamil Nadu (Kongu),204680,TVK,LOGESH TAMILSELVAN D,74808,36.55,BJP,BJP Nominee (RASIPURAM),60297,29.46,14511,7.09,DMK,24351,19444,9.5,74808,36.55,24351,11.9,60297,29.46
84,OMALUR,Salem,Northern Tamil Nadu,271119,ADMK,ADMK Candidate (OMALUR),112246,41.4,TVK,TVK Nominee (OMALUR),97707,36.04,14539,5.36,DMK,21408,26298,9.7,97707,36.04,21408,7.9,112246,41.4
119,THONDAMUTHUR,Coimbatore,Western Tamil Nadu (Kongu),258549,ADMK,ADMK Candidate (THONDAMUTHUR),93316,36.09,TVK,TVK Nominee (THONDAMUTHUR),78591,30.4,14725,5.7,DMK,30324,19391,7.5,78591,30.4,30324,11.73,93316,36.09
186,SIVAGANGA,Pudukkottai,Southern Tamil Nadu,214067,TVK,KULANTHAI RANI A,73737,34.45,ADMK,ADMK Nominee (SIVAGANGA),58656,27.4,15081,7.04,DMK,28585,17553,8.2,73737,34.45,28585,13.35,58656,27.4
20,THOUSAND LIGHTS,Chennai,Chennai Metropolitan,131824,TVK,PRABHAKAR.J.C.D,58965,44.73,DMK,DMK Nominee (THOUSAND LIGHTS),43824,33.24,15141,11.49,ADMK,5807,13314,10.1,58965,44.73,43824,33.24,5807,4.41
82,ATTUR,Salem,Northern Tamil Nadu,208296,ADMK,ADMK Candidate (ATTUR),80843,38.81,TVK,TVK Nominee (ATTUR),65525,31.46,15318,7.35,DMK,21674,19788,9.5,65525,31.46,21674,10.41,80843,38.81
112,AVANASHI,Coimbatore,Western Tamil Nadu (Kongu),231600,TVK,KAMALI.S,84209,36.36,BJP,BJP Nominee (AVANASHI),68836,29.72,15373,6.64,DMK,27494,19917,8.6,84209,36.36,27494,11.87,68836,29.72
37,KANCHEEPURAM,Kanchipuram,Northern Tamil Nadu,246317,TVK,R.V. RANJITHKUMAR,91350,37.09,ADMK,ADMK Nominee (KANCHEEPURAM),75862,30.8,15488,6.29,DMK,27686,21429,8.7,91350,37.09,27686,11.24,75862,30.8
155,CUDDALORE,Cuddalore,Cauvery Delta,190378,TVK,B.RAJKUMAR,70856,37.22,INC,INC Nominee (CUDDALORE),55337,29.07,15519,8.15,ADMK,12837,17134,9.0,70856,37.22,55337,29.07,12837,6.74
148,KUNNAM,Perambalur,Cauvery Delta,230570,DMK,DMK Candidate (KUNNAM),87237,37.84,ADMK,ADMK Nominee (KUNNAM),71680,31.09,15557,6.75,TVK,32243,18215,7.9,32243,13.98,87237,37.84,71680,31.09
232,PADMANABHAPURAM,Kanniyakumari,Deep South (Kanniyakumari/Tirunelveli),180555,CPI(M),CPI(M) Nominee (PADMANABHAPURAM),68938,38.18,TVK,TVK Nominee (PADMANABHAPURAM),53369,29.56,15569,8.62,ADMK,11649,15888,8.8,53369,29.56,68938,38.18,11649,6.45
126,MADATHUKULAM,Dindigul,Western Tamil Nadu (Kongu),188249,DMK,DMK Candidate (MADATHUKULAM),70458,37.43,AMMKMNKZ,AMMKMNKZ Nominee (MADATHUKULAM),54490,28.95,15968,8.48,TVK,28485,19201,10.2,28485,15.13,70458,37.43,54490,28.95
49,JOLARPET,Tirupathur,Northern Tamil Nadu,213042,ADMK,ADMK Candidate (JOLARPET),78633,36.91,TVK,TVK Nominee (JOLARPET),62550,29.36,16083,7.55,DMK,25150,17895,8.4,62550,29.36,25150,11.81,78633,36.91
227,NANGUNERI,Tenkasi,Deep South (Kanniyakumari/Tirunelveli),209419,TVK,REDDIARPATTI V. NARAYANAN,74952,35.79,INC,INC Nominee (NANGUNERI),58533,27.95,16419,7.84,ADMK,15186,16125,7.7,74952,35.79,58533,27.95,15186,7.25
189,MADURAI EAST,Madurai,Southern Tamil Nadu,271566,TVK,KARTHIKEYAN S,118777,43.74,DMK,DMK Nominee (MADURAI EAST),102230,37.64,16547,6.09,ADMK,10111,23354,8.6,118777,43.74,102230,37.64,10111,3.72
212,MUDHUKULATHUR,Ramanathapuram,Southern Tamil Nadu,231373,DMK,DMK Candidate (MUDHUKULATHUR),68003,29.39,TVK,TVK Nominee (MUDHUKULATHUR),51405,22.22,16598,7.17,ADMK,22393,22443,9.7,51405,22.22,68003,29.39,22393,9.68
106,GOBICHETTIPALAYAM,Erode,Western Tamil Nadu (Kongu),219727,TVK,SENGOTTAIYAN.K.A,82612,37.6,DMK,DMK Nominee (GOBICHETTIPALAYAM),65992,30.03,16620,7.56,ADMK,14224,19995,9.1,82612,37.6,65992,30.03,14224,6.47
101,DHARAPURAM,Erode,Western Tamil Nadu (Kongu),199944,ADMK,ADMK Candidate (DHARAPURAM),81100,40.56,DMK,DMK Nominee (DHARAPURAM),64373,32.2,16727,8.37,TVK,24511,15995,8.0,24511,12.26,64373,32.2,81100,40.56
174,THANJAVUR,Thanjavur,Cauvery Delta,198798,TVK,R. VIJAYSARAVANAN,87705,44.12,DMK,DMK Nominee (THANJAVUR),70750,35.59,16955,8.53,ADMK,8068,20674,10.4,87705,44.12,70750,35.59,8068,4.06
14,VILLIVAKKAM,Chennai,Chennai Metropolitan,141452,TVK,AADHAV ARJUNA,66445,46.97,DMK,DMK Nominee (VILLIVAKKAM),49143,34.74,17302,12.23,ADMK,5172,14145,10.0,66445,46.97,49143,34.74,5172,3.66
145,MUSIRI,Tiruchirappalli,Cauvery Delta,189141,TVK,M.VIGNESH,71281,37.69,DMK,DMK Nominee (MUSIRI),53839,28.47,17442,9.22,ADMK,12804,16455,8.7,71281,37.69,53839,28.47,12804,6.77
191,MADURAI NORTH,Madurai,Southern Tamil Nadu,161801,TVK,A.KALLANAI,72853,45.03,DMK,DMK Nominee (MADURAI NORTH),54815,33.88,18038,11.15,ADMK,6826,13267,8.2,72853,45.03,54815,33.88,6826,4.22
168,THIRUVARUR,Thanjavur,Cauvery Delta,217875,DMK,DMK Candidate (THIRUVARUR),93408,42.87,TVK,TVK Nominee (THIRUVARUR),75260,34.54,18148,8.33,ADMK,9841,16994,7.8,75260,34.54,93408,42.87,9841,4.52
150,JAYANKONDAM,Perambalur,Cauvery Delta,228548,PMK,PMK Nominee (JAYANKONDAM),88992,38.94,DMK,DMK Nominee (JAYANKONDAM),70502,30.85,18490,8.09,TVK,31074,21483,9.4,31074,13.6,70502,30.85,88992,38.94
53,KRISHNAGIRI,Krishnagiri,Northern Tamil Nadu,230181,TVK,MUKUNDHAN.P,89374,38.83,ADMK,ADMK Nominee (KRISHNAGIRI),70530,30.64,18844,8.19,DMK,24596,19795,8.6,89374,38.83,24596,10.69,70530,30.64
85,METTUR,Salem,Northern Tamil Nadu,231105,ADMK,ADMK Candidate (METTUR),86498,37.43,DMK,DMK Nominee (METTUR),67393,29.16,19105,8.27,TVK,34746,17795,7.7,34746,15.03,67393,29.16,86498,37.43
193,MADURAI CENTRAL,Madurai,Southern Tamil Nadu,148586,TVK,MADHAR BADHURUDEEN,63414,42.68,DMK,DMK Nominee (MADURAI CENTRAL),44286,29.8,19128,12.87,ADMK,8177,15452,10.4,63414,42.68,44286,29.8,8177,5.5
121,SINGANALLUR,Tiruppur,Western Tamil Nadu (Kongu),221033,TVK,K.S.SRI GIRI PRASATH,84163,38.08,INC,INC Nominee (SINGANALLUR),65024,29.42,19139,8.66,ADMK,14369,17682,8.0,84163,38.08,65024,29.42,14369,6.5
199,PERIYAKULAM,Theni,Southern Tamil Nadu,211209,TVK,SABARI IYNGARAN G.,85656,40.56,VCK,VCK Nominee (PERIYAKULAM),66335,31.41,19321,9.15,ADMK,11843,21965,10.4,85656,40.56,66335,31.41,11843,5.61
134,ARAVAKURICHI,Karur,Cauvery Delta,181078,DMK,DMK Candidate (ARAVAKURICHI),70827,39.11,TVK,TVK Nominee (ARAVAKURICHI),51445,28.41,19382,10.7,ADMK,11761,15753,8.7,51445,28.41,70827,39.11,11761,6.49
45,KILVAITHINANKUPPAM,Vellore,Northern Tamil Nadu,189892,TVK,THENRAL KUMAR. E,74305,39.13,ADMK,ADMK Nominee (KILVAITHINANKUPPAM),54050,28.46,20255,10.67,DMK,21537,18419,9.7,74305,39.13,21537,11.34,54050,28.46
59,DHARMAPURI,Dharmapuri,Northern Tamil Nadu,238579,PMK,PMK Nominee (DHARMAPURI),93713,39.28,TVK,TVK Nominee (DHARMAPURI),72817,30.52,20896,8.76,DMK,25217,20040,8.4,72817,30.52,25217,10.57,93713,39.28
233,VILAVANCODE,Kanniyakumari,Deep South (Kanniyakumari/Tirunelveli),174927,INC,INC Nominee (VILAVANCODE),70755,40.45,TVK,TVK Nominee (VILAVANCODE),49785,28.46,20970,11.99,ADMK,10877,14169,8.1,49785,28.46,70755,40.45,10877,6.22
68,CHEYYAR,Tiruvannamalai,Northern Tamil Nadu,222570,ADMK,ADMK Candidate (CHEYYAR),86680,38.95,TVK,TVK Nominee (CHEYYAR),65599,29.47,21081,9.47,DMK,24601,22034,9.9,65599,29.47,24601,11.05,86680,38.95
21,ANNA NAGAR,Chennai,Chennai Metropolitan,163339,TVK,V.K.RAMKUMAR,71375,43.7,DMK,DMK Nominee (ANNA NAGAR),50012,30.62,21363,13.08,ADMK,8390,12740,7.8,71375,43.7,50012,30.62,8390,5.14
192,MADURAI SOUTH,Madurai,Southern Tamil Nadu,141503,TVK,M.M.GOPISON,62415,44.11,DMK,DMK Nominee (MADURAI SOUTH),40886,28.89,21529,15.21,ADMK,7640,11461,8.1,62415,44.11,40886,28.89,7640,5.4
118,COIMBATORE,Coimbatore,Western Tamil Nadu (Kongu),226109,TVK,V. SAMPATHKUMAR,92500,40.91,DMK,DMK Nominee (COIMBATORE),70508,31.18,21992,9.73,ADMK,12620,22384,9.9,92500,40.91,70508,31.18,12620,5.58
99,ERODE,Erode,Western Tamil Nadu (Kongu),221400,TVK,ANANTH MOGHAN K.K.,96836,43.74,DMK,DMK Nominee (ERODE),74586,33.69,22250,10.05,ADMK,9995,21918,9.9,96836,43.74,74586,33.69,9995,4.51
15,THIRU-VI-KA-NAGAR,Chennai,Chennai Metropolitan,143903,TVK,M. R. PALLAVI,69125,48.04,DMK,DMK Nominee (THIRU-VI-KA-NAGAR),46792,32.52,22333,15.52,ADMK,5597,13382,9.3,69125,48.04,46792,32.52,5597,3.89
129,ATHOOR,Dindigul,Western Tamil Nadu (Kongu),237183,DMK,DMK Candidate (ATHOOR),106240,44.79,TVK,TVK Nominee (ATHOOR),83872,35.36,22368,9.43,ADMK,9414,21109,8.9,83872,35.36,106240,44.79,9414,3.97
109,GUDALUR,The Nilgiris,Western Tamil Nadu (Kongu),151241,DMK,DMK Candidate (GUDALUR),65590,43.37,ADMK,ADMK Nominee (GUDALUR),42757,28.27,22833,15.1,TVK,19302,12553,8.3,19302,12.76,65590,43.37,42757,28.27
38,ARAKKONAM,Ranipet,Northern Tamil Nadu,182340,TVK,V. GANDHIRAJ,73776,40.46,VCK,VCK Nominee (ARAKKONAM),50655,27.78,23121,12.68,ADMK,11581,18416,10.1,73776,40.46,50655,27.78,11581,6.35
196,THIRUMANGALAM,Madurai,Southern Tamil Nadu,230980,DMK,DMK Candidate (THIRUMANGALAM),88291,38.22,ADMK,ADMK Nominee (THIRUMANGALAM),64484,27.92,23807,10.31,TVK,35192,21250,9.2,35192,15.24,88291,38.22,64484,27.92
98,ERODE,Erode,Western Tamil Nadu (Kongu),162453,TVK,M.VIJAY BALAJI,69747,42.93,INC,INC Nominee (ERODE),45781,28.18,23966,14.75,ADMK,9385,16082,9.9,69747,42.93,45781,28.18,9385,5.78
149,ARIYALUR,Perambalur,Cauvery Delta,235858,ADMK,ADMK Candidate (ARIYALUR),95219,40.37,DMK,DMK Nominee (ARIYALUR),70721,29.98,24498,10.39,TVK,31463,23349,9.9,31463,13.34,70721,29.98,95219,40.37
4,THIRUVALLUR,Thiruvallur,Chennai Metropolitan,226428,TVK,DR. T. ARUNKUMAR,92190,40.71,DMK,DMK Nominee (THIRUVALLUR),67430,29.78,24760,10.94,ADMK,13361,21963,9.7,92190,40.71,67430,29.78,13361,5.9
65,KALASAPAKKAM,Tiruvannamalai,Northern Tamil Nadu,214127,ADMK,ADMK Candidate (KALASAPAKKAM),89629,41.86,DMK,DMK Nominee (KALASAPAKKAM),62889,29.37,26740,12.49,TVK,27724,21840,10.2,27724,12.95,62889,29.37,89629,41.86
22,VIRUGAMPAKKAM,Chennai,Chennai Metropolitan,172831,TVK,SABARINATHAN.R,76092,44.03,DMK,DMK Nominee (VIRUGAMPAKKAM),49006,28.35,27086,15.67,ADMK,9546,13826,8.0,76092,44.03,49006,28.35,9546,5.52
141,TIRUCHIRAPPALLI,Tiruchirappalli,Cauvery Delta,182493,TVK,C. JOSEPH VIJAY,91381,50.07,DMK,DMK Nominee (TIRUCHIRAPPALLI),63965,35.05,27416,15.02,ADMK,5429,17336,9.5,91381,50.07,63965,35.05,5429,2.97
55,HOSUR,Krishnagiri,Northern Tamil Nadu,277770,ADMK,ADMK Candidate (HOSUR),109867,39.55,TVK,TVK Nominee (HOSUR),82064,29.54,27803,10.01,DMK,30043,25554,9.2,82064,29.54,30043,10.82,109867,39.55
1,GUMMIDIPOONDI,Thiruvallur,Chennai Metropolitan,232522,TVK,S.VIJAYAKUMAR,94320,40.56,ADMK,ADMK Nominee (GUMMIDIPOONDI),66375,28.55,27945,12.02,DMK,25139,22787,9.8,94320,40.56,25139,10.81,66375,28.55
96,TIRUCHENGODU,Namakkal,Western Tamil Nadu (Kongu),191122,TVK,ARUNRAJ K G,79500,41.6,ADMK,ADMK Nominee (TIRUCHENGODU),51328,26.86,28172,14.74,DMK,21102,15672,8.2,79500,41.6,21102,11.04,51328,26.86
23,SAIDAPET,Chennai,Chennai Metropolitan,160401,TVK,ARUL PRAKASAM. M,81205,50.63,DMK,DMK Nominee (SAIDAPET),52691,32.85,28514,17.78,ADMK,5301,12671,7.9,81205,50.63,52691,32.85,5301,3.3
25,MYLAPORE,Chennai,Chennai Metropolitan,150594,TVK,VENKATARAMANAN. P,70070,46.53,DMK,DMK Nominee (MYLAPORE),41098,27.29,28972,19.24,ADMK,7885,12951,8.6,70070,46.53,41098,27.29,7885,5.24
217,OTTAPIDARAM,Thoothukkudi,Southern Tamil Nadu,196117,TVK,P .MATHANRAJA,81625,41.62,DMK,DMK Nominee (OTTAPIDARAM),52542,26.79,29083,14.83,ADMK,12390,15885,8.1,81625,41.62,52542,26.79,12390,6.32
28,ALANDUR,Chengalpattu,Chennai Metropolitan,261570,TVK,M.HARISH,112205,42.9,DMK,DMK Nominee (ALANDUR),82596,31.58,29609,11.32,ADMK,13353,26418,10.1,112205,42.9,82596,31.58,13353,5.1
71,MAILAM,Viluppuram,Northern Tamil Nadu,189221,ADMK,ADMK Candidate (MAILAM),82353,43.52,TVK,TVK Nominee (MAILAM),52312,27.65,30041,15.88,DMK,19094,15137,8.0,52312,27.65,19094,10.09,82353,43.52
64,KILPENNATHUR,Tiruvannamalai,Northern Tamil Nadu,219790,ADMK,ADMK Candidate (KILPENNATHUR),90503,41.18,DMK,DMK Nominee (KILPENNATHUR),60038,27.32,30465,13.86,TVK,31162,19561,8.9,31162,14.18,60038,27.32,90503,41.18
159,KATTUMANNARKOIL,Ariyalur,Cauvery Delta,187905,VCK,VCK Nominee (KATTUMANNARKOIL),85179,45.33,PMK,PMK Nominee (KATTUMANNARKOIL),52116,27.74,33063,17.6,TVK,22774,16723,8.9,22774,12.12,85179,45.33,52116,27.74
60,PAPPIREDDIPATTI,Dharmapuri,Northern Tamil Nadu,236621,ADMK,ADMK Candidate (PAPPIREDDIPATTI),101829,43.03,DMK,DMK Nominee (PAPPIREDDIPATTI),68715,29.04,33114,13.99,TVK,29734,17983,7.6,29734,12.57,68715,29.04,101829,43.03
26,VELACHERY,Chennai,Chennai Metropolitan,184815,TVK,KUMAR. R,80430,43.52,ADMK,ADMK Nominee (VELACHERY),47125,25.5,33305,18.02,DMK,20041,17002,9.2,80430,43.52,20041,10.84,47125,25.5
90,SALEM,Salem,Western Tamil Nadu (Kongu),207902,TVK,VIJAY TAMILAN PARTHIBAN. A,91371,43.95,DMK,DMK Nominee (SALEM),58002,27.9,33369,16.05,ADMK,11705,20790,10.0,91371,43.95,58002,27.9,11705,5.63
139,SRIRANGAM,Tiruchirappalli,Cauvery Delta,254985,TVK,RAMESH,103235,40.49,DMK,DMK Nominee (SRIRANGAM),69645,27.31,33590,13.17,ADMK,16421,19888,7.8,103235,40.49,69645,27.31,16421,6.44
175,ORATHANADU,Thanjavur,Cauvery Delta,195304,DMK,DMK Candidate (ORATHANADU),86759,44.42,TVK,TVK Nominee (ORATHANADU),51731,26.49,35028,17.94,ADMK,11362,18944,9.7,51731,26.49,86759,44.42,11362,5.82
31,TAMBARAM,Chengalpattu,Northern Tamil Nadu,278809,TVK,D.SARATHKUMAR,118967,42.67,DMK,DMK Nominee (TAMBARAM),83346,29.89,35621,12.78,ADMK,15299,28438,10.2,118967,42.67,83346,29.89,15299,5.49
32,CHENGALPATTU,Chengalpattu,Northern Tamil Nadu,324010,TVK,S. THIYAGARAJAN,137136,42.32,DMK,DMK Nominee (CHENGALPATTU),101495,31.32,35641,11.0,ADMK,17075,31104,9.6,137136,42.32,101495,31.32,17075,5.27
214,THOOTHUKKUDI,Ramanathapuram,Southern Tamil Nadu,204712,TVK,SRINATH,100536,49.11,DMK,DMK Nominee (THOOTHUKKUDI),62805,30.68,37731,18.43,ADMK,8274,15967,7.8,100536,49.11,62805,30.68,8274,4.04
115,PALLADAM,Coimbatore,Western Tamil Nadu (Kongu),301014,TVK,K.RAMKUMAR,121297,40.3,ADMK,ADMK Nominee (PALLADAM),83400,27.71,37897,12.59,DMK,33710,27091,9.0,121297,40.3,33710,11.2,83400,27.71
57,PALACODU,Dharmapuri,Northern Tamil Nadu,225257,ADMK,ADMK Candidate (PALACODU),102807,45.64,TVK,TVK Nominee (PALACODU),63765,28.31,39042,17.33,DMK,20539,22976,10.2,63765,28.31,20539,9.12,102807,45.64
33,THIRUPORUR,Chengalpattu,Northern Tamil Nadu,262409,TVK,B.VIJAYARAJ,110095,41.96,VCK,VCK Nominee (THIRUPORUR),70744,26.96,39351,15.0,ADMK,16314,24141,9.2,110095,41.96,70744,26.96,16314,6.22
195,THIRUPARANKUNDRAM,Madurai,Southern Tamil Nadu,255466,TVK,NIRMALKUMAR. R.,114316,44.75,DMK,DMK Nominee (THIRUPARANKUNDRAM),72763,28.48,41553,16.27,ADMK,13677,21203,8.3,114316,44.75,72763,28.48,13677,5.35
169,NANNILAM,Thanjavur,Cauvery Delta,231444,ADMK,ADMK Candidate (NANNILAM),103462,44.7,DMK,DMK Nominee (NANNILAM),61738,26.68,41724,18.03,TVK,29809,20367,8.8,29809,12.88,61738,26.68,103462,44.7
117,KAVUNDAMPALAYAM,Coimbatore,Western Tamil Nadu (Kongu),363991,TVK,KANIMOZHI SANTHOSH,146466,40.24,ADMK,ADMK Nominee (KAVUNDAMPALAYAM),104326,28.66,42140,11.58,DMK,39619,33851,9.3,146466,40.24,39619,10.88,104326,28.66
42,ARCOT,Ranipet,Northern Tamil Nadu,225786,ADMK,ADMK Candidate (ARCOT),105608,46.77,TVK,TVK Nominee (ARCOT),62888,27.85,42720,18.92,DMK,20051,20772,9.2,62888,27.85,20051,8.88,105608,46.77
128,ODDANCHATRAM,Dindigul,Western Tamil Nadu (Kongu),201624,DMK,DMK Candidate (ODDANCHATRAM),93099,46.17,BJP,BJP Nominee (ODDANCHATRAM),49850,24.72,43249,21.45,TVK,26403,16129,8.0,26403,13.1,93099,46.17,49850,24.72
184,KARAIKUDI,Pudukkottai,Southern Tamil Nadu,229267,TVK,DR.PRABHU. TK,101358,44.21,INC,INC Nominee (KARAIKUDI),55284,24.11,46074,20.1,ADMK,14525,18341,8.0,101358,44.21,55284,24.11,14525,6.34
50,TIRUPPATTUR,Tirupathur,Northern Tamil Nadu,202925,TVK,DR.THIRUPATHI. N,105098,51.79,DMK,DMK Nominee (TIRUPPATTUR),56835,28.01,48263,23.78,ADMK,8198,20698,10.2,105098,51.79,56835,28.01,8198,4.04
11,DR.RADHAKRISHNAN NAGAR,Chennai,Chennai Metropolitan,181206,TVK,N. MARIE WILSON,97800,53.97,DMK,DMK Nominee (DR.RADHAKRISHNAN NAGAR),48132,26.56,49668,27.41,ADMK,7054,18664,10.3,97800,53.97,48132,26.56,7054,3.89
10,THIRUVOTTIYUR,Thiruvallur,Chennai Metropolitan,207088,TVK,SENTHIL KUMAR. N,110067,53.15,CPI(M),CPI(M) Nominee (THIRUVOTTIYUR),56503,27.28,53564,25.87,ADMK,8103,19880,9.6,110067,53.15,56503,27.28,8103,3.91
12,PERAMBUR,Chennai,Chennai Metropolitan,204384,TVK,C. JOSEPH VIJAY,120365,58.89,DMK,DMK Nominee (PERAMBUR),66650,32.61,53715,26.28,ADMK,3473,11289,5.52,120365,58.89,66650,32.61,3473,1.7
29,SRIPERUMBUDUR,Chengalpattu,Northern Tamil Nadu,331088,TVK,THENNARASU.K,147611,44.58,INC,INC Nominee (SRIPERUMBUDUR),93365,28.2,54246,16.38,ADMK,18022,28804,8.7,147611,44.58,93365,28.2,18022,5.44
30,PALLAVARAM,Chengalpattu,Northern Tamil Nadu,283677,TVK,J.KAMATCHI,133611,47.1,DMDK,DMDK Nominee (PALLAVARAM),78918,27.82,54693,19.28,ADMK,14229,25530,9.0,133611,47.1,78918,27.82,14229,5.02
2,PONNERI,Thiruvallur,Chennai Metropolitan,226819,TVK,DR.RAVI.M.S,110439,48.69,INC,INC Nominee (PONNERI),54671,24.1,55768,24.59,ADMK,12341,23362,10.3,110439,48.69,54671,24.1,12341,5.44
8,AMBATTUR,Thiruvallur,Chennai Metropolitan,259986,TVK,BALAMURUGAN.G,133339,51.29,DMK,DMK Nominee (AMBATTUR),74558,28.68,58781,22.61,ADMK,10417,22618,8.7,133339,51.29,74558,28.68,10417,4.01
7,MADURAVOYAL,Thiruvallur,Chennai Metropolitan,293692,TVK,RHEVANTH CHARAN,141725,48.26,DMK,DMK Nominee (MADURAVOYAL),80216,27.31,61509,20.94,ADMK,14350,22320,7.6,141725,48.26,80216,27.31,14350,4.89
179,VIRALIMALAI,Nagapattinam,Southern Tamil Nadu,203921,ADMK,ADMK Candidate (VIRALIMALAI),105773,51.87,TVK,TVK Nominee (VIRALIMALAI),43700,21.43,62073,30.44,DMK,19056,17537,8.6,43700,21.43,19056,9.34,105773,51.87
113,TIRUPPUR,Coimbatore,Western Tamil Nadu (Kongu),263457,TVK,V.SATHYABAMA,131401,49.88,ADMK,ADMK Nominee (TIRUPPUR),61409,23.31,69992,26.57,DMK,24726,26345,10.0,131401,49.88,24726,9.39,61409,23.31
5,POONAMALLEE,Thiruvallur,Chennai Metropolitan,308894,TVK,PRAKASAM.R,161309,52.22,DMK,DMK Nominee (POONAMALLEE),88569,28.67,72740,23.55,ADMK,11803,25947,8.4,161309,52.22,88569,28.67,11803,3.82
88,SALEM,Salem,Northern Tamil Nadu,234407,TVK,LAKSHMANAN.S,120407,51.37,PMK,PMK Nominee (SALEM),45540,19.43,74867,31.94,DMK,23961,23440,10.0,120407,51.37,23961,10.22,45540,19.43
6,AVADI,Thiruvallur,Chennai Metropolitan,346005,TVK,R.RAMESH KUMAR,180384,52.13,DMK,DMK Nominee (AVADI),104073,30.08,76311,22.05,ADMK,12309,27334,7.9,180384,52.13,104073,30.08,12309,3.56
9,MADAVARAM,Thiruvallur,Chennai Metropolitan,361998,TVK,M.L.VIJAYPRABHU,190462,52.61,DMK,DMK Nominee (MADAVARAM),95477,26.38,94985,26.24,ADMK,15211,32941,9.1,190462,52.61,95477,26.38,15211,4.2
27,SHOZHINGANALLUR,Chengalpattu,Chennai Metropolitan,447295,TVK,ECR P SARAVANAN,220382,49.27,DMK,DMK Nominee (SHOZHINGANALLUR),123602,27.63,96780,21.64,ADMK,20662,43834,9.8,220382,49.27,123602,27.63,20662,4.62
86,EDAPPADI,Salem,Northern Tamil Nadu,258263,ADMK,ADMK Candidate (EDAPPADI),148933,57.67,, Nominee (EDAPPADI),50823,19.68,98110,37.99,TVK,26328,21435,8.3,26328,10.19,20477,7.93,148933,57.67
