ac_no,constituency_name,dmk_share_2011,admk_share_2011,dmk_share_2016,admk_share_2016,dmk_share_2021,admk_share_2021,ntk_share_2021,winner_party_2021,dmk_share_2024_ls,admk_share_2024_ls,bjp_share_2024_ls,ntk_share_2024_ls
185,TIRUPPATTUR,35.6,45.8,42.4,38.5,42.7,38.7,6.2,DMK,44.9,31.4,16.7,8.4
54,VEPPANAHALLI,42.5,46.5,47.0,41.5,50.0,39.0,8.5,DMK,54.5,34.0,11.0,8.7
229,KANNIYAKUMARI,36.2,47.6,41.8,41.5,43.9,39.9,7.4,DMK,47.3,33.8,17.9,11.1
66,POLUR,42.4,50.2,47.6,44.5,50.3,42.3,7.8,DMK,54.1,36.6,14.3,11.5
76,TIRUKKOYILUR,34.8,46.4,41.2,39.5,44.1,37.1,6.6,DMK,46.7,30.2,17.1,8.8
95,PARAMATHI-VELUR,31.7,62.1,37.8,55.5,38.4,55.4,6.9,ADMK,41.3,48.8,13.4,10.6
137,KULITHALAI,41.2,48.6,47.8,41.5,48.9,40.9,6.4,DMK,51.3,33.8,12.9,11.1
171,KUMBAKONAM,45.3,43.9,49.2,39.5,49.6,39.6,9.1,DMK,54.7,35.2,19.6,10.3
127,PALANI,35.1,62.3,41.4,55.5,42.2,55.2,6.7,ADMK,44.9,48.4,13.2,10.9
72,TINDIVANAM,41.3,44.9,47.2,38.5,48.6,37.6,7.1,DMK,51.7,31.2,9.6,8.8
201,CUMBUM,39.8,52.4,45.2,46.5,48.1,44.1,7.6,DMK,51.7,38.2,14.1,8.3
80,KALLAKURICHI,40.0,45.0,44.0,40.5,45.5,39.5,9.0,DMK,50.5,35.0,15.5,8.7
218,KOVILPATTI,42.9,50.7,47.6,45.5,48.8,44.8,8.3,DMK,53.1,39.6,18.8,11.5
75,VIKRAVANDI,34.4,50.2,41.6,42.5,44.3,40.3,5.8,DMK,46.1,32.6,8.3,11.0
108,UDHAGAMANDALAM,34.6,61.8,40.4,55.5,42.7,53.7,7.2,ADMK,45.9,47.4,17.7,10.4
172,PAPANASAM,41.3,45.9,48.2,38.5,50.6,36.6,6.1,DMK,52.7,29.2,8.6,9.8
132,DINDIGUL,39.3,44.9,44.2,39.5,45.6,38.6,8.1,DMK,49.7,33.2,18.6,8.8
216,SRIVAIKUNTAM,40.1,50.3,46.4,43.5,47.2,43.2,6.7,DMK,49.9,36.4,13.2,8.9
187,MANAMADURAI,36.6,46.8,42.4,40.5,43.7,39.7,7.2,DMK,46.9,33.4,9.7,9.9
105,ANTHIYUR,36.6,58.8,42.4,52.5,42.7,52.7,7.2,ADMK,45.9,46.4,13.7,8.9
234,KILLIYOOR,42.0,51.0,47.0,45.5,48.5,44.5,8.0,DMK,52.5,39.0,18.5,8.2
138,MANAPPARAI,46.2,47.6,49.8,43.5,49.9,43.9,9.4,DMK,55.3,39.8,19.9,11.1
181,THIRUMAYAM,41.0,52.0,46.0,46.5,48.5,44.5,8.0,DMK,52.5,39.0,14.5,8.7
167,MANNARGUDI,43.4,44.2,48.6,38.5,49.3,38.3,7.8,DMK,53.1,32.6,10.3,8.5
197,USILAMPATTI,40.4,52.2,45.6,46.5,48.3,44.3,7.8,DMK,52.1,38.6,14.3,8.5
135,KARUR,40.8,44.4,48.2,36.5,49.1,36.1,5.6,DMK,50.7,28.2,16.1,10.3
180,PUDUKKOTTAI,37.5,50.5,45.0,42.5,46.0,42.0,5.5,DMK,47.5,34.0,16.0,9.2
83,YERCAUD,43.7,50.1,47.8,45.5,50.4,43.4,8.9,DMK,55.3,38.8,11.4,10.6
120,COIMBATORE,31.7,56.1,37.8,49.5,38.4,49.4,6.9,ADMK,41.3,42.8,13.4,8.6
77,ULUNDURPETTAI,45.3,47.9,52.2,40.5,52.6,40.6,6.1,DMK,54.7,33.2,16.6,11.3
164,KILVELUR,37.7,46.1,44.8,38.5,47.4,36.4,5.9,DMK,49.3,28.8,8.4,10.6
152,VRIDDHACHALAM,41.2,47.6,46.8,41.5,46.9,41.9,7.4,DMK,50.3,35.8,13.9,11.1
100,MODAKKURICHI,30.8,56.4,37.2,49.5,38.1,49.1,6.6,ADMK,40.7,42.2,13.1,9.8
63,TIRUVANNAMALAI,45.5,48.5,51.0,42.5,52.0,42.0,7.5,DMK,55.5,36.0,10.0,9.7
157,BHUVANAGIRI,41.5,45.5,49.0,37.5,51.0,36.0,5.5,DMK,52.5,28.0,12.0,9.2
210,TIRUVADANAI,44.4,50.2,48.6,45.5,49.3,45.3,8.8,DMK,54.1,40.6,19.3,9.5
151,TITTAKUDI,45.4,45.2,49.6,40.5,51.3,39.3,8.8,DMK,56.1,34.6,15.3,11.5
93,SENTHAMANGALAM,33.1,63.3,40.4,55.5,41.2,55.2,5.7,ADMK,42.9,47.4,16.2,11.4
190,SHOLAVANDAN,37.8,50.4,45.2,42.5,46.1,42.1,5.6,DMK,47.7,34.2,16.1,9.8
188,MELUR,42.9,50.7,47.6,45.5,48.8,44.8,8.3,DMK,53.1,39.6,18.8,11.5
143,LALGUDI,41.1,44.3,48.4,36.5,49.2,36.2,5.7,DMK,50.9,28.4,16.2,9.9
231,COLACHAL,35.7,47.1,41.8,40.5,43.4,39.4,6.9,DMK,46.3,32.8,9.4,11.1
125,UDUMALAIPETTAI,28.4,63.2,35.6,55.5,37.3,54.3,5.8,ADMK,39.1,46.6,12.3,11.5
130,NILAKKOTTAI,31.7,63.1,38.8,55.5,41.4,53.4,5.9,ADMK,43.3,45.8,8.4,10.6
47,VANIYAMBADI,37.5,49.5,43.0,43.5,45.0,42.0,7.5,DMK,48.5,36.0,18.0,8.2
177,PERAVURANI,38.5,48.5,45.0,41.5,46.0,41.0,6.5,DMK,48.5,34.0,13.0,10.7
58,PENNAGARAM,38.9,49.7,42.6,45.5,44.8,43.8,9.3,DMK,50.1,39.6,11.8,9.5
61,HARUR,43.2,43.6,49.8,36.5,49.9,36.9,6.4,DMK,52.3,29.8,16.9,10.1
69,VANDAVASI,45.6,47.8,52.4,40.5,52.7,40.7,6.2,DMK,54.9,33.4,16.7,10.9
79,SANKARAPURAM,37.5,46.5,44.0,39.5,47.0,37.0,6.5,DMK,49.5,30.0,17.0,11.2
136,KRISHNARAYAPURAM,42.1,50.3,47.4,44.5,50.2,42.2,7.7,DMK,53.9,36.4,14.2,9.4
209,PARAMAKUDI,35.6,45.8,42.4,38.5,42.7,38.7,6.2,DMK,44.9,31.4,16.7,9.9
91,VEERAPANDI,35.4,54.2,39.6,49.5,40.3,49.3,8.8,ADMK,45.1,44.6,19.3,11.0
74,VILUPPURAM,40.9,47.7,46.6,41.5,46.8,41.8,7.3,DMK,50.1,35.6,13.8,10.0
52,BARGUR,37.3,45.9,42.2,40.5,44.6,38.6,8.1,DMK,48.7,33.2,14.6,11.3
107,BHAVANISAGAR,35.7,59.1,41.8,52.5,42.4,52.4,6.9,ADMK,45.3,45.8,13.4,10.1
123,POLLACHI,34.7,59.1,40.8,52.5,42.4,51.4,6.9,ADMK,45.3,44.8,9.4,10.6
140,TIRUCHIRAPPALLI,45.5,44.5,51.0,38.5,52.0,38.0,7.5,DMK,55.5,32.0,10.0,9.7
116,SULUR,39.6,56.8,43.4,52.5,44.7,51.7,9.2,ADMK,49.9,47.4,15.7,11.4
78,RISHIVANDIYAM,44.2,47.6,49.8,41.5,49.9,41.9,7.4,DMK,53.3,35.8,13.9,8.6
207,ARUPPUKKOTTAI,39.9,45.7,44.6,40.5,44.8,40.8,8.3,DMK,49.1,35.6,10.8,10.5
51,UTHANGARAI,35.5,49.5,43.0,41.5,45.0,40.0,5.5,DMK,46.5,32.0,12.0,11.2
56,THALLI,40.4,44.2,45.6,38.5,46.3,38.3,7.8,DMK,50.1,32.6,10.3,11.5
67,ARANI,39.1,45.3,43.4,40.5,45.2,39.2,8.7,DMK,49.9,34.4,15.2,8.9
34,CHEYYUR,43.3,48.9,50.2,41.5,51.6,40.6,6.1,DMK,53.7,33.2,12.6,9.3
39,SHOLINGUR,45.1,48.3,51.4,41.5,52.2,41.2,6.7,DMK,54.9,34.4,13.2,11.4
158,CHIDAMBARAM,41.9,45.7,48.6,38.5,50.8,36.8,6.3,DMK,53.1,29.6,8.8,10.5
41,RANIPET,40.2,48.6,44.8,43.5,45.9,42.9,8.4,DMK,50.3,37.8,18.9,8.6
3,TIRUTTANI,37.2,45.6,42.8,39.5,44.9,37.9,7.4,DMK,48.3,31.8,17.9,9.6
40,KATPADI,38.9,45.7,45.6,38.5,47.8,36.8,6.3,DMK,50.1,29.6,8.8,11.0
215,TIRUCHENDUR,37.8,52.4,44.2,45.5,47.1,43.1,6.6,DMK,49.7,36.2,17.1,10.3
204,SATTUR,37.7,47.1,42.8,41.5,44.4,40.4,7.9,DMK,48.3,34.8,18.4,11.1
221,KADAYANALLUR,39.0,48.0,43.0,43.5,45.5,41.5,9.0,DMK,50.5,37.0,11.5,9.7
219,SANKARANKOVIL,42.7,50.1,47.8,44.5,48.4,44.4,7.9,DMK,52.3,38.8,10.4,11.1
220,VASUDEVANALLUR,39.5,46.5,44.0,41.5,45.0,41.0,8.5,DMK,49.5,36.0,19.0,9.7
43,VELLORE,45.7,48.1,51.8,41.5,52.4,41.4,6.9,DMK,55.3,34.8,13.4,10.1
200,BODINAYAKANUR,34.1,46.3,41.4,38.5,42.2,38.2,5.7,DMK,43.9,30.4,16.2,8.9
73,VANUR,43.5,45.5,49.0,39.5,51.0,38.0,7.5,DMK,54.5,32.0,18.0,9.7
44,ANAIKATTU,38.8,50.4,44.2,44.5,47.1,42.1,7.6,DMK,50.7,36.2,14.1,9.3
48,AMBUR,43.1,46.3,47.4,41.5,50.2,39.2,8.7,DMK,54.9,34.4,11.2,9.9
19,CHEPAUK-THIRUVALLIKENI,43.8,44.4,48.2,39.5,49.1,39.1,8.6,DMK,53.7,34.2,19.1,8.3
35,MADURANTAKAM,45.9,44.7,50.6,39.5,51.8,38.8,8.3,DMK,56.1,33.6,18.8,11.5
165,VEDARANYAM,43.4,50.2,47.6,45.5,50.3,43.3,8.8,DMK,55.1,38.6,11.3,8.5
104,BHAVANI,38.6,53.8,42.4,49.5,44.7,47.7,9.2,ADMK,49.9,43.4,11.7,10.9
230,NAGERCOIL,43.1,51.3,47.4,46.5,49.2,45.2,8.7,DMK,53.9,40.4,15.2,8.9
156,KURINJIPADI,42.3,43.9,49.2,36.5,49.6,36.6,6.1,DMK,51.7,29.2,16.6,9.3
97,KUMARAPALAYAM,35.6,53.8,39.4,49.5,40.7,48.7,9.2,ADMK,45.9,44.4,15.7,8.4
111,METTUPPALAYAM,26.5,63.5,34.0,55.5,37.0,53.0,5.5,ADMK,38.5,45.0,8.0,9.7
223,ALANGULAM,41.0,46.0,45.0,41.5,45.5,41.5,9.0,DMK,50.5,37.0,19.5,10.2
110,COONOOR,35.7,60.1,39.8,55.5,40.4,55.4,8.9,ADMK,45.3,50.8,19.4,9.6
102,KANGAYAM,34.8,59.4,41.2,52.5,42.1,52.1,6.6,ADMK,44.7,45.2,13.1,11.3
213,VILATHIKULAM,42.4,52.2,46.6,47.5,49.3,45.3,8.8,DMK,54.1,40.6,11.3,8.5
162,POOMPUHAR,40.9,48.7,47.6,41.5,48.8,40.8,6.3,DMK,51.1,33.6,12.8,9.0
173,THIRUVAIYARU,45.1,45.3,49.4,40.5,51.2,39.2,8.7,DMK,55.9,34.4,15.2,8.9
203,SRIVILLIPUTHUR,37.5,46.5,43.0,40.5,44.0,40.0,7.5,DMK,47.5,34.0,10.0,11.2
142,THIRUVERUMBUR,37.8,50.4,44.2,43.5,47.1,41.1,6.6,DMK,49.7,34.2,17.1,10.3
13,KOLATHUR,44.2,44.6,50.8,37.5,51.9,36.9,6.4,DMK,54.3,29.8,12.9,9.1
124,VALPARAI,31.7,59.1,37.8,52.5,38.4,52.4,6.9,ADMK,41.3,45.8,13.4,11.1
206,VIRUDHUNAGAR,40.5,51.5,46.0,45.5,48.0,44.0,7.5,DMK,51.5,38.0,18.0,9.2
87,SANKARI,43.9,45.7,48.6,40.5,50.8,38.8,8.3,DMK,55.1,33.6,14.8,9.5
198,ANDIPATTI,41.6,45.8,45.4,41.5,45.7,41.7,9.2,DMK,50.9,37.4,19.7,8.4
146,THURAIYUR,45.0,48.0,49.0,43.5,49.5,43.5,9.0,DMK,54.5,39.0,19.5,9.7
103,PERUNDURAI,32.0,56.0,38.0,49.5,38.5,49.5,7.0,ADMK,41.5,43.0,13.5,10.7
163,NAGAPATTINAM,41.8,50.4,47.2,44.5,50.1,42.1,7.6,DMK,53.7,36.2,14.1,10.8
183,ARANTHANGI,35.0,48.0,41.0,41.5,43.5,39.5,7.0,DMK,46.5,33.0,17.5,8.2
133,VEDASANDUR,38.1,48.3,45.4,40.5,46.2,40.2,5.7,DMK,47.9,32.4,16.2,8.9
46,GUDIYATTAM,48.3,43.9,52.2,39.5,52.6,39.6,9.1,DMK,57.7,35.2,19.6,8.8
225,AMBASAMUDRAM,45.9,49.7,49.6,45.5,49.8,45.8,9.3,DMK,55.1,41.6,19.8,10.0
222,TENKASI,36.8,51.4,44.2,43.5,46.1,42.1,5.6,DMK,47.7,34.2,12.1,11.3
202,RAJAPALAYAM,40.1,52.3,45.4,46.5,48.2,44.2,7.7,DMK,51.9,38.4,14.2,8.4
154,PANRUTI,46.4,48.2,51.6,42.5,52.3,42.3,7.8,DMK,56.1,36.6,10.3,10.5
16,EGMORE,45.2,49.6,48.8,45.5,50.9,43.9,9.4,DMK,56.3,39.8,11.9,11.1
161,MAYILADUTHURAI,41.9,43.7,46.6,38.5,46.8,38.8,8.3,DMK,51.1,33.6,10.8,11.5
153,NEYVELI,41.6,48.8,47.4,42.5,48.7,41.7,7.2,DMK,51.9,35.4,9.7,10.4
94,NAMAKKAL,34.7,57.1,38.8,52.5,40.4,51.4,8.9,ADMK,45.3,46.8,15.4,11.1
178,GANDHARVAKOTTAI,46.9,44.7,50.6,40.5,51.8,39.8,9.3,DMK,57.1,35.6,15.8,11.5
224,TIRUNELVELI,41.9,51.7,46.6,46.5,48.8,44.8,8.3,DMK,53.1,39.6,14.8,9.5
160,SIRKAZHI,40.3,44.9,47.2,37.5,48.6,36.6,6.1,DMK,50.7,29.2,12.6,9.3
205,SIVAKASI,34.8,47.4,41.2,40.5,43.1,39.1,6.6,DMK,45.7,32.2,9.1,8.3
122,KINATHUKADAVU,35.7,61.1,40.8,55.5,43.4,53.4,7.9,ADMK,47.3,47.8,14.4,9.1
18,HARBOUR,42.2,43.6,46.8,38.5,46.9,38.9,8.4,DMK,51.3,33.8,10.9,10.6
131,NATHAM,39.7,50.1,44.8,44.5,47.4,42.4,7.9,DMK,51.3,36.8,14.4,10.1
194,MADURAI WEST,43.8,50.4,48.2,45.5,49.1,45.1,8.6,DMK,53.7,40.2,19.1,9.8
228,RADHAPURAM,41.1,51.3,46.4,45.5,48.2,44.2,7.7,DMK,51.9,38.4,18.2,8.9
144,MANACHANALLUR,37.1,49.3,43.4,42.5,45.2,41.2,6.7,DMK,47.9,34.4,9.2,9.9
211,RAMANATHAPURAM,35.8,48.4,41.2,42.5,44.1,40.1,7.6,DMK,47.7,34.2,14.1,8.3
70,GINGEE,40.7,50.1,47.8,42.5,50.4,40.4,5.9,DMK,52.3,32.8,8.4,10.6
114,TIRUPPUR,30.0,60.0,37.0,52.5,37.5,52.5,6.0,ADMK,39.5,45.0,16.5,10.7
166,THIRUTHURAIPOONDI,37.1,50.3,44.4,42.5,47.2,40.2,5.7,DMK,48.9,32.4,8.2,10.4
182,ALANGUDI,40.4,52.2,45.6,46.5,48.3,44.3,7.8,DMK,52.1,38.6,14.3,9.0
24,THIYAGARAYANAGAR,39.7,49.1,46.8,41.5,48.4,40.4,5.9,DMK,50.3,32.8,12.4,11.6
62,CHENGAM,45.2,44.6,50.8,38.5,51.9,37.9,7.4,DMK,55.3,31.8,9.9,10.6
208,TIRUCHULI,39.5,52.5,45.0,46.5,48.0,44.0,7.5,DMK,51.5,38.0,14.0,8.2
176,PATTUKKOTTAI,44.1,44.3,51.4,36.5,52.2,36.2,5.7,DMK,53.9,28.4,16.2,10.9
226,PALAYAMKOTTAI,38.2,45.6,43.8,39.5,43.9,39.9,7.4,DMK,47.3,33.8,13.9,9.6
89,SALEM,46.0,48.0,52.0,41.5,52.5,41.5,7.0,DMK,55.5,35.0,13.5,10.2
170,THIRUVIDAIMARUDUR,42.6,47.8,46.4,43.5,46.7,43.7,9.2,DMK,51.9,39.4,19.7,9.4
36,UTHIRAMERUR,37.5,50.5,44.0,43.5,47.0,41.0,6.5,DMK,49.5,34.0,17.0,10.2
17,ROYAPURAM,40.3,44.9,44.2,40.5,45.6,39.6,9.1,DMK,50.7,35.2,15.6,8.3
147,PERAMBALUR,44.4,44.2,48.6,39.5,49.3,39.3,8.8,DMK,54.1,34.6,19.3,10.0
81,GANGAVALLI,36.3,45.9,42.2,39.5,44.6,37.6,7.1,DMK,47.7,31.2,17.6,11.3
92,RASIPURAM,30.5,59.5,37.0,52.5,38.0,52.0,6.5,ADMK,40.5,45.0,13.0,10.2
84,OMALUR,43.1,48.3,48.4,42.5,49.2,42.2,7.7,DMK,52.9,36.4,10.2,8.9
119,THONDAMUTHUR,26.5,57.5,34.0,49.5,37.0,47.0,5.5,ADMK,38.5,39.0,8.0,10.7
186,SIVAGANGA,33.6,47.8,40.4,40.5,42.7,38.7,6.2,DMK,44.9,31.4,8.7,9.9
20,THOUSAND LIGHTS,43.3,43.9,49.2,37.5,49.6,37.6,7.1,DMK,52.7,31.2,13.6,8.8
82,ATTUR,43.5,44.5,51.0,36.5,52.0,36.0,5.5,DMK,53.5,28.0,16.0,10.7
112,AVANASHI,37.8,54.4,42.2,49.5,44.1,48.1,8.6,ADMK,48.7,43.2,15.1,9.3
37,KANCHEEPURAM,42.1,49.3,49.4,41.5,51.2,40.2,5.7,DMK,52.9,32.4,12.2,11.4
155,CUDDALORE,38.0,45.0,44.0,38.5,45.5,37.5,7.0,DMK,48.5,31.0,9.5,9.2
148,KUNNAM,38.7,46.1,44.8,39.5,47.4,37.4,6.9,DMK,50.3,30.8,17.4,11.1
232,PADMANABHAPURAM,37.4,47.2,42.6,41.5,44.3,40.3,7.8,DMK,48.1,34.6,18.3,11.5
126,MADATHUKULAM,34.6,59.8,41.4,52.5,41.7,52.7,6.2,ADMK,43.9,45.4,16.7,11.4
49,JOLARPET,37.2,49.6,42.8,43.5,44.9,41.9,7.4,DMK,48.3,35.8,17.9,9.6
227,NANGUNERI,38.1,48.3,42.4,43.5,45.2,41.2,8.7,DMK,49.9,36.4,11.2,11.4
189,MADURAI EAST,34.8,47.4,41.2,40.5,43.1,39.1,6.6,DMK,45.7,32.2,9.1,10.8
212,MUDHUKULATHUR,36.1,46.3,42.4,39.5,43.2,39.2,6.7,DMK,45.9,32.4,13.2,8.9
106,GOBICHETTIPALAYAM,31.3,58.9,37.2,52.5,38.6,51.6,7.1,ADMK,41.7,45.2,9.6,9.8
101,DHARAPURAM,32.0,63.0,39.0,55.5,41.5,53.5,6.0,ADMK,43.5,46.0,8.5,11.2
174,THANJAVUR,47.2,47.6,52.8,41.5,52.9,41.9,7.4,DMK,56.3,35.8,13.9,9.6
14,VILLIVAKKAM,48.0,48.0,52.0,43.5,52.5,43.5,9.0,DMK,57.5,39.0,19.5,8.2
145,MUSIRI,36.1,49.3,43.4,41.5,45.2,40.2,5.7,DMK,46.9,32.4,12.2,9.4
191,MADURAI NORTH,37.6,51.8,44.4,44.5,46.7,42.7,6.2,DMK,48.9,35.4,8.7,9.9
168,THIRUVARUR,37.4,46.2,44.6,38.5,47.3,36.3,5.8,DMK,49.1,28.6,8.3,10.0
150,JAYANKONDAM,46.2,48.6,50.8,43.5,51.9,42.9,8.4,DMK,56.3,37.8,18.9,10.6
53,KRISHNAGIRI,42.8,49.4,49.2,42.5,51.1,41.1,6.6,DMK,53.7,34.2,9.1,8.8
85,METTUR,42.1,46.3,47.4,40.5,50.2,38.2,7.7,DMK,53.9,32.4,14.2,9.9
193,MADURAI CENTRAL,42.2,49.6,47.8,43.5,47.9,43.9,7.4,DMK,51.3,37.8,13.9,10.6
121,SINGANALLUR,34.0,60.0,38.0,55.5,40.5,53.5,9.0,ADMK,45.5,49.0,11.5,10.2
199,PERIYAKULAM,46.2,49.6,49.8,45.5,49.9,45.9,9.4,DMK,55.3,41.8,19.9,10.6
134,ARAVAKURICHI,42.1,45.3,46.4,40.5,48.2,39.2,8.7,DMK,52.9,34.4,15.2,8.4
45,KILVAITHINANKUPPAM,45.1,48.3,51.4,41.5,52.2,41.2,6.7,DMK,54.9,34.4,13.2,8.9
59,DHARMAPURI,42.2,45.6,45.8,41.5,47.9,39.9,9.4,DMK,53.3,35.8,11.9,10.6
233,VILAVANCODE,39.3,51.9,45.2,45.5,47.6,43.6,7.1,DMK,50.7,37.2,17.6,10.8
68,CHEYYAR,38.7,48.1,45.8,40.5,46.4,40.4,5.9,DMK,48.3,32.8,16.4,8.6
21,ANNA NAGAR,43.4,46.2,47.6,41.5,50.3,39.3,8.8,DMK,55.1,34.6,11.3,11.5
192,MADURAI SOUTH,39.3,47.9,43.2,43.5,45.6,41.6,9.1,DMK,50.7,37.2,11.6,10.3
118,COIMBATORE,31.7,56.1,37.8,49.5,38.4,49.4,6.9,ADMK,41.3,42.8,13.4,8.6
99,ERODE,39.7,57.1,43.8,52.5,44.4,52.4,8.9,ADMK,49.3,47.8,19.4,9.1
15,THIRU-VI-KA-NAGAR,41.9,44.7,47.6,38.5,48.8,37.8,7.3,DMK,52.1,31.6,9.8,8.5
129,ATHOOR,38.7,54.1,42.8,49.5,44.4,48.4,8.9,ADMK,49.3,43.8,15.4,10.1
109,GUDALUR,34.9,53.7,38.6,49.5,40.8,47.8,9.3,ADMK,46.1,43.6,11.8,9.5
38,ARAKKONAM,42.3,43.9,46.2,39.5,46.6,39.6,9.1,DMK,51.7,35.2,19.6,10.8
196,THIRUMANGALAM,42.6,50.8,47.4,45.5,48.7,44.7,8.2,DMK,52.9,39.4,18.7,10.9
98,ERODE,39.7,57.1,43.8,52.5,44.4,52.4,8.9,ADMK,49.3,47.8,19.4,9.1
149,ARIYALUR,41.7,44.1,48.8,36.5,49.4,36.4,5.9,DMK,51.3,28.8,16.4,11.1
4,THIRUVALLUR,43.1,44.3,48.4,38.5,49.2,38.2,7.7,DMK,52.9,32.4,10.2,8.9
65,KALASAPAKKAM,42.6,47.8,46.4,43.5,46.7,43.7,9.2,DMK,51.9,39.4,19.7,10.4
22,VIRUGAMPAKKAM,43.0,46.0,48.0,40.5,50.5,38.5,8.0,DMK,54.5,33.0,14.5,11.2
141,TIRUCHIRAPPALLI,45.5,44.5,51.0,38.5,52.0,38.0,7.5,DMK,55.5,32.0,10.0,9.7
55,HOSUR,43.6,48.8,50.4,41.5,51.7,40.7,6.2,DMK,53.9,33.4,12.7,9.9
1,GUMMIDIPOONDI,47.4,48.2,51.6,43.5,52.3,43.3,8.8,DMK,57.1,38.6,19.3,10.0
96,TIRUCHENGODU,34.6,61.8,40.4,55.5,42.7,53.7,7.2,ADMK,45.9,47.4,17.7,10.9
23,SAIDAPET,36.7,46.1,41.8,40.5,44.4,38.4,7.9,DMK,48.3,32.8,14.4,8.6
25,MYLAPORE,40.8,49.4,46.2,43.5,48.1,42.1,7.6,DMK,51.7,36.2,18.1,10.8
217,OTTAPIDARAM,37.3,47.9,42.2,42.5,44.6,40.6,8.1,DMK,48.7,35.2,14.6,8.8
28,ALANDUR,42.3,43.9,46.2,39.5,46.6,39.6,9.1,DMK,51.7,35.2,19.6,9.3
71,MAILAM,38.0,50.0,45.0,42.5,47.5,40.5,6.0,DMK,49.5,33.0,8.5,10.7
64,KILPENNATHUR,37.7,45.1,43.8,38.5,45.4,37.4,6.9,DMK,48.3,30.8,9.4,9.6
159,KATTUMANNARKOIL,38.7,49.1,43.8,43.5,45.4,42.4,7.9,DMK,49.3,36.8,18.4,11.1
60,PAPPIREDDIPATTI,33.8,50.4,41.2,42.5,44.1,40.1,5.6,DMK,45.7,32.2,8.1,9.8
26,VELACHERY,45.6,48.8,50.4,43.5,51.7,42.7,8.2,DMK,55.9,37.4,18.7,8.4
90,SALEM,36.0,62.0,42.0,55.5,42.5,55.5,7.0,ADMK,45.5,49.0,13.5,10.2
139,SRIRANGAM,38.4,46.2,44.6,39.5,47.3,37.3,6.8,DMK,50.1,30.6,17.3,8.5
175,ORATHANADU,44.1,44.3,51.4,36.5,52.2,36.2,5.7,DMK,53.9,28.4,16.2,10.4
31,TAMBARAM,47.6,43.8,52.4,38.5,52.7,38.7,8.2,DMK,56.9,33.4,10.7,8.4
32,CHENGALPATTU,42.8,48.4,48.2,42.5,49.1,42.1,7.6,DMK,52.7,36.2,10.1,11.3
214,THOOTHUKKUDI,32.4,48.2,39.6,40.5,42.3,38.3,5.8,DMK,44.1,30.6,8.3,9.5
115,PALLADAM,37.0,55.0,42.0,49.5,43.5,48.5,8.0,ADMK,47.5,43.0,18.5,10.2
57,PALACODU,45.6,43.8,52.4,36.5,52.7,36.7,6.2,DMK,54.9,29.4,16.7,11.4
33,THIRUPORUR,44.6,44.8,50.4,38.5,51.7,37.7,7.2,DMK,54.9,31.4,9.7,9.4
195,THIRUPARANKUNDRAM,33.9,47.7,40.6,40.5,42.8,38.8,6.3,DMK,45.1,31.6,8.8,11.0
169,NANNILAM,43.4,49.2,49.6,42.5,51.3,41.3,6.8,DMK,54.1,34.6,9.3,10.0
117,KAVUNDAMPALAYAM,29.9,59.7,36.6,52.5,37.8,51.8,6.3,ADMK,40.1,44.6,12.8,9.0
42,ARCOT,45.6,48.8,50.4,43.5,51.7,42.7,8.2,DMK,55.9,37.4,18.7,8.9
128,ODDANCHATRAM,38.0,54.0,42.0,49.5,44.5,47.5,9.0,ADMK,49.5,43.0,11.5,8.2
184,KARAIKUDI,37.0,52.0,44.0,44.5,46.5,42.5,6.0,DMK,48.5,35.0,8.5,10.7
50,TIRUPPATTUR,39.6,43.8,46.4,36.5,46.7,36.7,6.2,DMK,48.9,29.4,16.7,8.4
11,DR.RADHAKRISHNAN NAGAR,47.9,47.7,52.6,42.5,52.8,42.8,8.3,DMK,57.1,37.6,10.8,8.5
10,THIRUVOTTIYUR,38.8,48.4,45.2,41.5,46.1,41.1,6.6,DMK,48.7,34.2,13.1,11.3
12,PERAMBUR,39.0,50.0,45.0,43.5,47.5,41.5,7.0,DMK,50.5,35.0,17.5,8.2
29,SRIPERUMBUDUR,40.1,45.3,46.4,38.5,48.2,37.2,6.7,DMK,50.9,30.4,9.2,10.4
30,PALLAVARAM,40.0,45.0,47.0,37.5,48.5,36.5,6.0,DMK,50.5,29.0,12.5,8.7
2,PONNERI,46.9,43.7,52.6,37.5,52.8,37.8,7.3,DMK,56.1,31.6,13.8,10.0
8,AMBATTUR,42.1,45.3,46.4,40.5,48.2,39.2,8.7,DMK,52.9,34.4,15.2,8.9
7,MADURAVOYAL,40.8,46.4,47.2,39.5,50.1,37.1,6.6,DMK,52.7,30.2,17.1,10.8
179,VIRALIMALAI,36.8,47.4,42.2,41.5,44.1,40.1,7.6,DMK,47.7,34.2,18.1,8.8
113,TIRUPPUR,30.0,60.0,37.0,52.5,37.5,52.5,6.0,ADMK,39.5,45.0,16.5,10.7
5,POONAMALLEE,36.2,45.6,42.8,38.5,44.9,36.9,6.4,DMK,47.3,29.8,8.9,11.6
88,SALEM,46.0,48.0,52.0,41.5,52.5,41.5,7.0,DMK,55.5,35.0,13.5,10.2
6,AVADI,35.7,46.1,41.8,39.5,44.4,37.4,6.9,DMK,47.3,30.8,17.4,10.6
9,MADAVARAM,40.3,44.9,47.2,37.5,48.6,36.6,6.1,DMK,50.7,29.2,12.6,8.8
27,SHOZHINGANALLUR,42.4,48.2,48.6,41.5,49.3,41.3,6.8,DMK,52.1,34.6,13.3,8.5
86,EDAPPADI,40.9,45.7,45.6,40.5,47.8,38.8,8.3,DMK,52.1,33.6,14.8,10.5
