ac_no,constituency,candidate,votes,margin
1,GUMMIDIPOONDI(1),S.VIJAYAKUMAR,94320,27945
2,PONNERI(2),DR.RAVI.M.S,110439,55768
4,THIRUVALLUR(4),DR. T. ARUNKUMAR,92190,24760
5,POONAMALLEE(5),PRAKASAM.R,161309,72740
6,AVADI(6),R.RAMESH KUMAR,180384,76311
7,MADURAVOYAL(7),RHEVANTH CHARAN,141725,61509
8,AMBATTUR(8),BALAMURUGAN.G,133339,58781
9,MADAVARAM(9),M.L.VIJAYPRABHU,190462,94985
10,THIRUVOTTIYUR(10),SENTHIL KUMAR. N,110067,53564
11,DR.RADHAKRISHNAN NAGAR(11),N. MARIE WILSON,97800,49668
12,PERAMBUR(12),C. JOSEPH VIJAY,120365,53715
13,KOLATHUR(13),V. S. BABU,82997,8795
14,VILLIVAKKAM(14),AADHAV ARJUNA,66445,17302
15,THIRU-VI-KA-NAGAR(15),M. R. PALLAVI,69125,22333
16,EGMORE(16),RAJMOHAN,53901,10804
17,ROYAPURAM(17),K.V. VIJAY DAMU,59091,14249
20,THOUSAND LIGHTS(20),PRABHAKAR.J.C.D,58965,15141
21,ANNA NAGAR(21),V.K.RAMKUMAR,71375,21363
22,VIRUGAMPAKKAM(22),SABARINATHAN.R,76092,27086
23,SAIDAPET(23),ARUL PRAKASAM. M,81205,28514
24,THIYAGARAYANAGAR(24),ANAND N,51632,13027
25,MYLAPORE(25),VENKATARAMANAN. P,70070,28972
26,VELACHERY(26),KUMAR. R,80430,33305
27,SHOZHINGANALLUR(27),ECR P SARAVANAN,220382,96780
28,ALANDUR(28),M.HARISH,112205,29609
29,SRIPERUMBUDUR(29),THENNARASU.K,147611,54246
30,PALLAVARAM(30),J.KAMATCHI,133611,54693
31,TAMBARAM(31),D.SARATHKUMAR,118967,35621
32,CHENGALPATTU(32),S. THIYAGARAJAN,137136,35641
33,THIRUPORUR(33),B.VIJAYARAJ,110095,39351
36,UTHIRAMERUR(36),MUNIRATHINAM.J,84917,14223
37,KANCHEEPURAM(37),R.V. RANJITHKUMAR,91350,15488
38,ARAKKONAM(38),V. GANDHIRAJ,73776,23121
39,SHOLINGUR(39),G.KAPIL,84506,5686
40,KATPADI(40),DR M SUDHAKAR,69868,5870
41,RANIPET(41),THAHIRA,91149,5787
43,VELLORE(43),M.M.VINOTH KANNAN,73032,6777
45,KILVAITHINANKUPPAM(45),THENRAL KUMAR. E,74305,20255
46,GUDIYATTAM(46),K.SINDU,82858,10097
50,TIRUPPATTUR(50),DR.THIRUPATHI. N,105098,48263
51,UTHANGARAI(51),N ELAIYARAJA,70201,5198
53,KRISHNAGIRI(53),MUKUNDHAN.P,89374,18844
58,PENNAGARAM(58),GAJENDRAN. S.,81240,3165
66,POLUR(66),ABISHEK. R,67961,227
80,KALLAKURICHI(80),ARUL VIGNESH C,81132,798
88,SALEM (WEST)(88),LAKSHMANAN.S,120407,74867
89,SALEM (NORTH)(89),SIVAKUMAR. K,85710,14034
90,SALEM (SOUTH)(90),VIJAY TAMILAN PARTHIBAN. A,91371,33369
91,VEERAPANDI(91),PALANIVEL. M.S,79907,4071
92,RASIPURAM(92),LOGESH TAMILSELVAN D,74808,14511
93,SENTHAMANGALAM(93),P CHANDRASEKAR,68815,2655
94,NAMAKKAL(94),DILIP C S,79744,11008
96,TIRUCHENGODU(96),ARUNRAJ K G,79500,28172
97,KUMARAPALAYAM(97),C.VIJAYALAKSHMI,81179,7696
98,ERODE (EAST)(98),M.VIJAY BALAJI,69747,23966
99,ERODE (WEST)(99),ANANTH MOGHAN K.K.,96836,22250
100,MODAKKURICHI(100),D.SHANMUGAN,60715,2430
106,GOBICHETTIPALAYAM(106),SENGOTTAIYAN.K.A,82612,16620
107,BHAVANISAGAR(107),V.P.TAMILSELVI,72391,4569
111,METTUPPALAYAM(111),SUNILANAND,75664,7768
112,AVANASHI(112),KAMALI.S,84209,15373
113,TIRUPPUR (NORTH)(113),V.SATHYABAMA,131401,69992
114,TIRUPPUR (SOUTH)(114),BALAMURUGAN. S,73793,12901
115,PALLADAM(115),K.RAMKUMAR,121297,37897
116,SULUR(116),NM.SUKUMAR,90531,4790
117,KAVUNDAMPALAYAM(117),KANIMOZHI SANTHOSH,146466,42140
118,COIMBATORE (NORTH)(118),V. SAMPATHKUMAR,92500,21992
121,SINGANALLUR(121),K.S.SRI GIRI PRASATH,84163,19139
122,KINATHUKADAVU(122),VIGNESH K,99950,11710
130,NILAKKOTTAI(130),AYYANAR.R,68580,2925
136,KRISHNARAYAPURAM(136),SATHYA. M,62378,3503
138,MANAPPARAI(138),R. KATHIRAVAN,83041,1426
139,SRIRANGAM(139),RAMESH,103235,33590
141,TIRUCHIRAPPALLI (EAST)(141),C. JOSEPH VIJAY,91381,27416
142,THIRUVERUMBUR(142),VIJAYAKUMAR (A) NAVALPATTU S. VIJI,89837,8705
145,MUSIRI(145),M.VIGNESH,71281,17442
146,THURAIYUR(146),RAVISANKAR.M,66263,9614
147,PERAMBALUR(147),SIVAKUMAR. K,90882,14393
155,CUDDALORE(155),B.RAJKUMAR,70856,15519
171,KUMBAKONAM(171),VINOTH,78650,679
174,THANJAVUR(174),R. VIJAYSARAVANAN,87705,16955
178,GANDHARVAKOTTAI(178),N. SUBRAMANIAN,58795,11039
183,ARANTHANGI(183),MOHAMED FARVAS. J,73244,10062
184,KARAIKUDI(184),DR.PRABHU. TK,101358,46074
185,TIRUPPATTUR(185),SEENIVASA SETHUPATHY. R,83375,1
186,SIVAGANGA(186),KULANTHAI RANI A,73737,15081
187,MANAMADURAI(187),ELANGOVAN.D,69971,1208
189,MADURAI EAST(189),KARTHIKEYAN S,118777,16547
190,SHOLAVANDAN(190),KARUPPAIAH.M.V,63907,2678
191,MADURAI NORTH(191),A.KALLANAI,72853,18038
192,MADURAI SOUTH(192),M.M.GOPISON,62415,21529
193,MADURAI CENTRAL(193),MADHAR BADHURUDEEN,63414,19128
194,MADURAI WEST(194),THANGAPANDI SR,88250,11931
195,THIRUPARANKUNDRAM(195),NIRMALKUMAR. R.,114316,41553
197,USILAMPATTI(197),VIJAY. M,65743,1805
199,PERIYAKULAM(199),SABARI IYNGARAN G.,85656,19321
201,CUMBUM(201),JEGANATHMISHRA PLA,85394,751
202,RAJAPALAYAM(202),JEGADESHWARI. K,65548,10605
203,SRIVILLIPUTHUR(203),KARTHIK.A,65653,8581
205,SIVAKASI(205),KEERTHANA S,68709,11670
206,VIRUDHUNAGAR(206),SELVAM P,63653,9391
210,TIRUVADANAI(210),RAJEEV,69551,2513
214,THOOTHUKKUDI(214),SRINATH,100536,37731
216,SRIVAIKUNTAM(216),SARAVANAN. G,58814,1186
217,OTTAPIDARAM(217),P .MATHANRAJA,81625,29083
224,TIRUNELVELI(224),MURUGHAN.R.S.,75840,11414
227,NANGUNERI(227),REDDIARPATTI V. NARAYANAN,74952,16419
228,RADHAPURAM(228),DR.SATHISH CHRISTOPHER,69947,12313
