pollster,type,release_date,sample_size,methodology,dmk_front_seats_mid,dmk_front_seats_low,dmk_front_seats_high,admk_front_seats_mid,admk_front_seats_low,admk_front_seats_high,tvk_seats_mid,tvk_seats_low,tvk_seats_high,ntk_seats_mid,predicted_winner,house_effect_bias,actual_dmk_seats,actual_admk_seats,actual_tvk_seats,absolute_seat_error_tvk
India Today - Axis My India,Exit Poll,2026-04-24,42500,Computer Assisted Personal Interview (CAPI),145,135,155,65,55,75,18,12,24,1,DMK+,Heavy Pro-Incumbent / DMK,73,53,108,90
ABP News - CVoter,Exit Poll,2026-04-24,38200,CATI (Random Digit Dial Telephonic),138,128,148,68,58,78,24,16,32,0,DMK+,Pro-DMK / Underweight Youth Non-Response,73,53,108,84
Times Now - Matrize,Exit Poll,2026-04-24,35000,Mixed Telephonic and Field Survey,142,132,152,62,52,72,26,18,34,0,DMK+,Status-Quo Anchoring,73,53,108,82
News18 - CNX,Exit Poll,2026-04-24,31500,Door-to-door Polling,148,138,158,58,48,68,22,14,30,0,DMK+,Pro-Ruling Party Social Desirability,73,53,108,86
Thanthi TV News Pulse,Opinion Poll,2026-04-12,28400,Regional Stratified Sampling,125,115,135,75,65,85,31,22,40,2,DMK+ (Narrow Majority),Dravidian Duopoly Baseline Assumption,73,53,108,77
Polimer News People Survey,Opinion Poll,2026-04-15,25000,Field Sampling,120,110,130,80,70,90,30,20,40,1,DMK+ / Hung Assembly,Overestimated AIADMK Rural Retention,73,53,108,78
Junior Vikatan Statewide Survey,Pre-Poll Deep Survey,2026-04-18,52000,Digital + Ground Bureau Network,105,92,118,65,52,78,62,48,76,2,Hung Assembly / Multi-Corner Deadlock,Captured Wave Early But Underestimated FPTP Seat Conversion,73,53,108,46
CSDS - Lokniti Post-Poll Study,Academic Post-Poll Study,2026-05-10,12800,Probability Proportionate to Size (PPS) Post-Poll,80,72,88,55,48,62,96,88,104,1,TVK Plurality (Near Reality),Post-Hoc Academic Alignment,73,53,108,12
PollsMap Computational Model,Synthesized Post-Election Analysis,2026-05-17,65000,Ecological Inference and Machine Learning Reconstruction,73,73,73,53,53,53,108,108,108,0,TVK Largest Party (ECI Ground Truth Match),Zero (Empirical Calibration),73,53,108,0
